,negre,negre2,marro,roig,roig2,taronja,groc,verd,blau,lila,gris,blanc,label
0,[255. 255. 255. ... 255. 255. 255.],[0. 0. 0. ... 0. 0. 0.],[0. 0. 0. ... 0. 0. 0.],[0. 0. 0. ... 0. 0. 0.],[0. 0. 0. ... 0. 0. 0.],[0. 0. 0. ... 0. 0. 0.],[0. 0. 0. ... 0. 0. 0.],[0. 0. 0. ... 0. 0. 0.],[0. 0. 0. ... 0. 0. 0.],[0. 0. 0. ... 0. 0. 0.],[255. 255. 255. ... 255. 255. 255.],[0. 0. 0. ... 0. 0. 0.],820k
1,[0. 0. 0. ... 0. 0. 0.],[0. 0. 0. ... 0. 0. 0.],[0. 0. 0. ... 0. 0. 0.],[0. 0. 0. ... 0. 0. 0.],[0. 0. 0. ... 0. 0. 0.],[0. 0. 0. ... 0. 0. 0.],[0. 0. 0. ... 0. 0. 0.],[0. 0. 0. ... 0. 0. 0.],[0. 0. 0. ... 0. 0. 0.],[0. 0. 0. ... 0. 0. 0.],[0. 0. 0. ... 0. 0. 0.],[255. 255. 255. ...   0.   0.   0.],820k
2,[255. 255. 255. ... 255. 255. 255.],[0. 0. 0. ... 0. 0. 0.],[0. 0. 0. ... 0. 0. 0.],[0. 0. 0. ... 0. 0. 0.],[0. 0. 0. ... 0. 0. 0.],[0. 0. 0. ... 0. 0. 0.],[0. 0. 0. ... 0. 0. 0.],[0. 0. 0. ... 0. 0. 0.],[0. 0. 0. ... 0. 0. 0.],[0. 0. 0. ... 0. 0. 0.],[255. 255. 255. ... 255. 255. 255.],[0. 0. 0. ... 0. 0. 0.],820k
3,[255. 255. 255. ... 255. 255. 255.],[0. 0. 0. ... 0. 0. 0.],[0. 0. 0. ... 0. 0. 0.],[0. 0. 0. ... 0. 0. 0.],[0. 0. 0. ... 0. 0. 0.],[0. 0. 0. ... 0. 0. 0.],[0. 0. 0. ... 0. 0. 0.],[0. 0. 0. ... 0. 0. 0.],[0. 0. 0. ... 0. 0. 0.],[0. 0. 0. ... 0. 0. 0.],[255. 255. 255. ... 255. 255. 255.],[0. 0. 0. ... 0. 0. 0.],180k
4,[0. 0. 0. ... 0. 0. 0.],[0. 0. 0. ... 0. 0. 0.],[0. 0. 0. ... 0. 0. 0.],[0. 0. 0. ... 0. 0. 0.],[0. 0. 0. ... 0. 0. 0.],[0. 0. 0. ... 0. 0. 0.],[0. 0. 0. ... 0. 0. 0.],[0. 0. 0. ... 0. 0. 0.],[0. 0. 0. ... 0. 0. 0.],[0. 0. 0. ... 0. 0. 0.],[0. 0. 0. ... 0. 0. 0.],[255. 255. 255. ... 255.   0.   0.],150k
5,[0. 0. 0. ... 0. 0. 0.],[0. 0. 0. ... 0. 0. 0.],[0. 0. 0. ... 0. 0. 0.],[0. 0. 0. ... 0. 0. 0.],[0. 0. 0. ... 0. 0. 0.],[0. 0. 0. ... 0. 0. 0.],[0. 0. 0. ... 0. 0. 0.],[0. 0. 0. ... 0. 0. 0.],[0. 0. 0. ... 0. 0. 0.],[0. 0. 0. ... 0. 0. 0.],[0. 0. 0. ... 0. 0. 0.],[255. 255. 255. ... 255. 255. 255.],680k
6,[0. 0. 0. ... 0. 0. 0.],[0. 0. 0. ... 0. 0. 0.],[0. 0. 0. ... 0. 0. 0.],[0. 0. 0. ... 0. 0. 0.],[0. 0. 0. ... 0. 0. 0.],[0. 0. 0. ... 0. 0. 0.],[0. 0. 0. ... 0. 0. 0.],[0. 0. 0. ... 0. 0. 0.],[0. 0. 0. ... 0. 0. 0.],[0. 0. 0. ... 0. 0. 0.],[0. 0. 0. ... 0. 0. 0.],[255. 255. 255. ... 255. 255. 255.],680k
7,[0. 0. 0. ... 0. 0. 0.],[0. 0. 0. ... 0. 0. 0.],[0. 0. 0. ... 0. 0. 0.],[0. 0. 0. ... 0. 0. 0.],[0. 0. 0. ... 0. 0. 0.],[0. 0. 0. ... 0. 0. 0.],[0. 0. 0. ... 0. 0. 0.],[0. 0. 0. ... 0. 0. 0.],[0. 0. 0. ... 0. 0. 0.],[0. 0. 0. ... 0. 0. 0.],[0. 0. 0. ... 0. 0. 0.],[255. 255. 255. ... 255. 255. 255.],120k
8,[0. 0. 0. ... 0. 0. 0.],[0. 0. 0. ... 0. 0. 0.],[0. 0. 0. ... 0. 0. 0.],[0. 0. 0. ... 0. 0. 0.],[0. 0. 0. ... 0. 0. 0.],[0. 0. 0. ... 0. 0. 0.],[0. 0. 0. ... 0. 0. 0.],[0. 0. 0. ... 0. 0. 0.],[0. 0. 0. ... 0. 0. 0.],[0. 0. 0. ... 0. 0. 0.],[0. 0. 0. ... 0. 0. 0.],[255. 255. 255. ... 255. 255. 255.],470k
9,[255. 255. 255. ... 255. 255. 255.],[0. 0. 0. ... 0. 0. 0.],[0. 0. 0. ... 0. 0. 0.],[0. 0. 0. ... 0. 0. 0.],[0. 0. 0. ... 0. 0. 0.],[0. 0. 0. ... 0. 0. 0.],[0. 0. 0. ... 0. 0. 0.],[0. 0. 0. ... 0. 0. 0.],[0. 0. 0. ... 0. 0. 0.],[0. 0. 0. ... 0. 0. 0.],[255. 255. 255. ... 255. 255. 255.],[0. 0. 0. ... 0. 0. 0.],120k
10,[255. 255. 255. ... 255. 255. 255.],[0. 0. 0. ... 0. 0. 0.],[0. 0. 0. ... 0. 0. 0.],[0. 0. 0. ... 0. 0. 0.],[0. 0. 0. ... 0. 0. 0.],[0. 0. 0. ... 0. 0. 0.],[0. 0. 0. ... 0. 0. 0.],[0. 0. 0. ... 0. 0. 0.],[0. 0. 0. ... 0. 0. 0.],[0. 0. 0. ... 0. 0. 0.],[255. 255. 255. ... 255. 255. 255.],[0. 0. 0. ... 0. 0. 0.],180k
11,[0. 0. 0. ... 0. 0. 0.],[0. 0. 0. ... 0. 0. 0.],[0. 0. 0. ... 0. 0. 0.],[0. 0. 0. ... 0. 0. 0.],[0. 0. 0. ... 0. 0. 0.],[0. 0. 0. ... 0. 0. 0.],[0. 0. 0. ... 0. 0. 0.],[0. 0. 0. ... 0. 0. 0.],[0. 0. 0. ... 0. 0. 0.],[0. 0. 0. ... 0. 0. 0.],[0. 0. 0. ... 0. 0. 0.],[255. 255. 255. ... 255. 255. 255.],820k
12,[0. 0. 0. ... 0. 0. 0.],[0. 0. 0. ... 0. 0. 0.],[0. 0. 0. ... 0. 0. 0.],[0. 0. 0. ... 0. 0. 0.],[0. 0. 0. ... 0. 0. 0.],[0. 0. 0. ... 0. 0. 0.],[0. 0. 0. ... 0. 0. 0.],[0. 0. 0. ... 0. 0. 0.],[0. 0. 0. ... 0. 0. 0.],[0. 0. 0. ... 0. 0. 0.],[0. 0. 0. ... 0. 0. 0.],[255. 255. 255. ... 255. 255. 255.],390k
13,[0. 0. 0. ... 0. 0. 0.],[0. 0. 0. ... 0. 0. 0.],[0. 0. 0. ... 0. 0. 0.],[0. 0. 0. ... 0. 0. 0.],[0. 0. 0. ... 0. 0. 0.],[0. 0. 0. ... 0. 0. 0.],[0. 0. 0. ... 0. 0. 0.],[0. 0. 0. ... 0. 0. 0.],[0. 0. 0. ... 0. 0. 0.],[0. 0. 0. ... 0. 0. 0.],[0. 0. 0. ... 0. 0. 0.],[0. 0. 0. ... 0. 0. 0.],560k
14,[0. 0. 0. ... 0. 0. 0.],[0. 0. 0. ... 0. 0. 0.],[0. 0. 0. ... 0. 0. 0.],[0. 0. 0. ... 0. 0. 0.],[0. 0. 0. ... 0. 0. 0.],[0. 0. 0. ... 0. 0. 0.],[0. 0. 0. ... 0. 0. 0.],[0. 0. 0. ... 0. 0. 0.],[0. 0. 0. ... 0. 0. 0.],[0. 0. 0. ... 0. 0. 0.],[0. 0. 0. ... 0. 0. 0.],[0. 0. 0. ... 0. 0. 0.],470k
15,[255. 255. 255. ... 255. 255. 255.],[0. 0. 0. ... 0. 0. 0.],[0. 0. 0. ... 0. 0. 0.],[0. 0. 0. ... 0. 0. 0.],[0. 0. 0. ... 0. 0. 0.],[0. 0. 0. ... 0. 0. 0.],[0. 0. 0. ... 0. 0. 0.],[0. 0. 0. ... 0. 0. 0.],[0. 0. 0. ... 0. 0. 0.],[0. 0. 0. ... 0. 0. 0.],[255. 255. 255. ... 255. 255. 255.],[0. 0. 0. ... 0. 0. 0.],270k
16,[0. 0. 0. ... 0. 0. 0.],[0. 0. 0. ... 0. 0. 0.],[0. 0. 0. ... 0. 0. 0.],[0. 0. 0. ... 0. 0. 0.],[0. 0. 0. ... 0. 0. 0.],[0. 0. 0. ... 0. 0. 0.],[0. 0. 0. ... 0. 0. 0.],[0. 0. 0. ... 0. 0. 0.],[0. 0. 0. ... 0. 0. 0.],[0. 0. 0. ... 0. 0. 0.],[0. 0. 0. ... 0. 0. 0.],[255. 255. 255. ... 255.   0.   0.],330k
17,[0. 0. 0. ... 0. 0. 0.],[0. 0. 0. ... 0. 0. 0.],[0. 0. 0. ... 0. 0. 0.],[0. 0. 0. ... 0. 0. 0.],[0. 0. 0. ... 0. 0. 0.],[0. 0. 0. ... 0. 0. 0.],[0. 0. 0. ... 0. 0. 0.],[0. 0. 0. ... 0. 0. 0.],[0. 0. 0. ... 0. 0. 0.],[0. 0. 0. ... 0. 0. 0.],[0. 0. 0. ... 0. 0. 0.],[  0.   0.   0. ... 255. 255. 255.],820k
18,[255. 255. 255. ... 255. 255. 255.],[0. 0. 0. ... 0. 0. 0.],[0. 0. 0. ... 0. 0. 0.],[0. 0. 0. ... 0. 0. 0.],[0. 0. 0. ... 0. 0. 0.],[0. 0. 0. ... 0. 0. 0.],[0. 0. 0. ... 0. 0. 0.],[0. 0. 0. ... 0. 0. 0.],[0. 0. 0. ... 0. 0. 0.],[0. 0. 0. ... 0. 0. 0.],[255. 255. 255. ... 255. 255. 255.],[0. 0. 0. ... 0. 0. 0.],150k
19,[255. 255. 255. ... 255. 255. 255.],[0. 0. 0. ... 0. 0. 0.],[0. 0. 0. ... 0. 0. 0.],[0. 0. 0. ... 0. 0. 0.],[0. 0. 0. ... 0. 0. 0.],[0. 0. 0. ... 0. 0. 0.],[0. 0. 0. ... 0. 0. 0.],[0. 0. 0. ... 0. 0. 0.],[0. 0. 0. ... 0. 0. 0.],[0. 0. 0. ... 0. 0. 0.],[255. 255. 255. ... 255. 255. 255.],[0. 0. 0. ... 0. 0. 0.],100k
20,[255. 255. 255. ... 255. 255. 255.],[0. 0. 0. ... 0. 0. 0.],[0. 0. 0. ... 0. 0. 0.],[0. 0. 0. ... 0. 0. 0.],[0. 0. 0. ... 0. 0. 0.],[0. 0. 0. ... 0. 0. 0.],[0. 0. 0. ... 0. 0. 0.],[0. 0. 0. ... 0. 0. 0.],[0. 0. 0. ... 0. 0. 0.],[0. 0. 0. ... 0. 0. 0.],[255. 255. 255. ... 255. 255. 255.],[0. 0. 0. ... 0. 0. 0.],220k
21,[255. 255. 255. ... 255. 255. 255.],[0. 0. 0. ... 0. 0. 0.],[0. 0. 0. ... 0. 0. 0.],[0. 0. 0. ... 0. 0. 0.],[0. 0. 0. ... 0. 0. 0.],[0. 0. 0. ... 0. 0. 0.],[0. 0. 0. ... 0. 0. 0.],[0. 0. 0. ... 0. 0. 0.],[0. 0. 0. ... 0. 0. 0.],[0. 0. 0. ... 0. 0. 0.],[255. 255. 255. ... 255. 255. 255.],[0. 0. 0. ... 0. 0. 0.],220k
22,[0. 0. 0. ... 0. 0. 0.],[0. 0. 0. ... 0. 0. 0.],[0. 0. 0. ... 0. 0. 0.],[0. 0. 0. ... 0. 0. 0.],[0. 0. 0. ... 0. 0. 0.],[0. 0. 0. ... 0. 0. 0.],[0. 0. 0. ... 0. 0. 0.],[0. 0. 0. ... 0. 0. 0.],[0. 0. 0. ... 0. 0. 0.],[0. 0. 0. ... 0. 0. 0.],[0. 0. 0. ... 0. 0. 0.],[0. 0. 0. ... 0. 0. 0.],220k
23,[0. 0. 0. ... 0. 0. 0.],[0. 0. 0. ... 0. 0. 0.],[0. 0. 0. ... 0. 0. 0.],[0. 0. 0. ... 0. 0. 0.],[0. 0. 0. ... 0. 0. 0.],[0. 0. 0. ... 0. 0. 0.],[0. 0. 0. ... 0. 0. 0.],[0. 0. 0. ... 0. 0. 0.],[0. 0. 0. ... 0. 0. 0.],[0. 0. 0. ... 0. 0. 0.],[0. 0. 0. ... 0. 0. 0.],[  0.   0.   0. ... 255. 255. 255.],390k
24,[0. 0. 0. ... 0. 0. 0.],[0. 0. 0. ... 0. 0. 0.],[0. 0. 0. ... 0. 0. 0.],[0. 0. 0. ... 0. 0. 0.],[0. 0. 0. ... 0. 0. 0.],[0. 0. 0. ... 0. 0. 0.],[0. 0. 0. ... 0. 0. 0.],[0. 0. 0. ... 0. 0. 0.],[0. 0. 0. ... 0. 0. 0.],[0. 0. 0. ... 0. 0. 0.],[0. 0. 0. ... 0. 0. 0.],[255. 255. 255. ...   0.   0.   0.],220k
25,[0. 0. 0. ... 0. 0. 0.],[0. 0. 0. ... 0. 0. 0.],[0. 0. 0. ... 0. 0. 0.],[0. 0. 0. ... 0. 0. 0.],[0. 0. 0. ... 0. 0. 0.],[0. 0. 0. ... 0. 0. 0.],[0. 0. 0. ... 0. 0. 0.],[0. 0. 0. ... 0. 0. 0.],[0. 0. 0. ... 0. 0. 0.],[0. 0. 0. ... 0. 0. 0.],[0. 0. 0. ... 0. 0. 0.],[255. 255. 255. ... 255. 255. 255.],470k
26,[255. 255. 255. ... 255. 255. 255.],[0. 0. 0. ... 0. 0. 0.],[0. 0. 0. ... 0. 0. 0.],[0. 0. 0. ... 0. 0. 0.],[0. 0. 0. ... 0. 0. 0.],[0. 0. 0. ... 0. 0. 0.],[0. 0. 0. ... 0. 0. 0.],[0. 0. 0. ... 0. 0. 0.],[0. 0. 0. ... 0. 0. 0.],[0. 0. 0. ... 0. 0. 0.],[255. 255. 255. ... 255. 255. 255.],[0. 0. 0. ... 0. 0. 0.],220k
27,[255. 255. 255. ... 255. 255. 255.],[0. 0. 0. ... 0. 0. 0.],[0. 0. 0. ... 0. 0. 0.],[0. 0. 0. ... 0. 0. 0.],[0. 0. 0. ... 0. 0. 0.],[0. 0. 0. ... 0. 0. 0.],[0. 0. 0. ... 0. 0. 0.],[0. 0. 0. ... 0. 0. 0.],[0. 0. 0. ... 0. 0. 0.],[0. 0. 0. ... 0. 0. 0.],[255. 255. 255. ... 255. 255. 255.],[0. 0. 0. ... 0. 0. 0.],100k
28,[0. 0. 0. ... 0. 0. 0.],[0. 0. 0. ... 0. 0. 0.],[0. 0. 0. ... 0. 0. 0.],[0. 0. 0. ... 0. 0. 0.],[0. 0. 0. ... 0. 0. 0.],[0. 0. 0. ... 0. 0. 0.],[0. 0. 0. ... 0. 0. 0.],[0. 0. 0. ... 0. 0. 0.],[0. 0. 0. ... 0. 0. 0.],[0. 0. 0. ... 0. 0. 0.],[0. 0. 0. ... 0. 0. 0.],[255. 255. 255. ... 255. 255. 255.],100k
29,[0. 0. 0. ... 0. 0. 0.],[0. 0. 0. ... 0. 0. 0.],[0. 0. 0. ... 0. 0. 0.],[0. 0. 0. ... 0. 0. 0.],[0. 0. 0. ... 0. 0. 0.],[0. 0. 0. ... 0. 0. 0.],[0. 0. 0. ... 0. 0. 0.],[0. 0. 0. ... 0. 0. 0.],[0. 0. 0. ... 0. 0. 0.],[0. 0. 0. ... 0. 0. 0.],[0. 0. 0. ... 0. 0. 0.],[255. 255. 255. ... 255. 255. 255.],270k
30,[0. 0. 0. ... 0. 0. 0.],[0. 0. 0. ... 0. 0. 0.],[0. 0. 0. ... 0. 0. 0.],[0. 0. 0. ... 0. 0. 0.],[0. 0. 0. ... 0. 0. 0.],[0. 0. 0. ... 0. 0. 0.],[0. 0. 0. ... 0. 0. 0.],[0. 0. 0. ... 0. 0. 0.],[0. 0. 0. ... 0. 0. 0.],[0. 0. 0. ... 0. 0. 0.],[0. 0. 0. ... 0. 0. 0.],[255. 255. 255. ... 255. 255. 255.],180k
31,[0. 0. 0. ... 0. 0. 0.],[0. 0. 0. ... 0. 0. 0.],[0. 0. 0. ... 0. 0. 0.],[0. 0. 0. ... 0. 0. 0.],[0. 0. 0. ... 0. 0. 0.],[0. 0. 0. ... 0. 0. 0.],[0. 0. 0. ... 0. 0. 0.],[0. 0. 0. ... 0. 0. 0.],[0. 0. 0. ... 0. 0. 0.],[0. 0. 0. ... 0. 0. 0.],[0. 0. 0. ... 0. 0. 0.],[  0.   0.   0. ... 255. 255. 255.],150k
32,[255. 255. 255. ... 255. 255. 255.],[0. 0. 0. ... 0. 0. 0.],[0. 0. 0. ... 0. 0. 0.],[0. 0. 0. ... 0. 0. 0.],[0. 0. 0. ... 0. 0. 0.],[0. 0. 0. ... 0. 0. 0.],[0. 0. 0. ... 0. 0. 0.],[0. 0. 0. ... 0. 0. 0.],[0. 0. 0. ... 0. 0. 0.],[0. 0. 0. ... 0. 0. 0.],[255. 255. 255. ... 255. 255. 255.],[0. 0. 0. ... 0. 0. 0.],470k
33,[0. 0. 0. ... 0. 0. 0.],[0. 0. 0. ... 0. 0. 0.],[0. 0. 0. ... 0. 0. 0.],[0. 0. 0. ... 0. 0. 0.],[0. 0. 0. ... 0. 0. 0.],[0. 0. 0. ... 0. 0. 0.],[0. 0. 0. ... 0. 0. 0.],[0. 0. 0. ... 0. 0. 0.],[0. 0. 0. ... 0. 0. 0.],[0. 0. 0. ... 0. 0. 0.],[0. 0. 0. ... 0. 0. 0.],[255. 255. 255. ... 255. 255. 255.],390k
34,[255. 255. 255. ... 255. 255. 255.],[0. 0. 0. ... 0. 0. 0.],[0. 0. 0. ... 0. 0. 0.],[0. 0. 0. ... 0. 0. 0.],[0. 0. 0. ... 0. 0. 0.],[0. 0. 0. ... 0. 0. 0.],[0. 0. 0. ... 0. 0. 0.],[0. 0. 0. ... 0. 0. 0.],[0. 0. 0. ... 0. 0. 0.],[0. 0. 0. ... 0. 0. 0.],[255. 255. 255. ... 255. 255. 255.],[0. 0. 0. ... 0. 0. 0.],820k
35,[0. 0. 0. ... 0. 0. 0.],[0. 0. 0. ... 0. 0. 0.],[0. 0. 0. ... 0. 0. 0.],[0. 0. 0. ... 0. 0. 0.],[0. 0. 0. ... 0. 0. 0.],[0. 0. 0. ... 0. 0. 0.],[0. 0. 0. ... 0. 0. 0.],[0. 0. 0. ... 0. 0. 0.],[0. 0. 0. ... 0. 0. 0.],[0. 0. 0. ... 0. 0. 0.],[0. 0. 0. ... 0. 0. 0.],[  0.   0.   0. ... 255. 255. 255.],820k
36,[0. 0. 0. ... 0. 0. 0.],[0. 0. 0. ... 0. 0. 0.],[0. 0. 0. ... 0. 0. 0.],[0. 0. 0. ... 0. 0. 0.],[0. 0. 0. ... 0. 0. 0.],[0. 0. 0. ... 0. 0. 0.],[0. 0. 0. ... 0. 0. 0.],[0. 0. 0. ... 0. 0. 0.],[0. 0. 0. ... 0. 0. 0.],[0. 0. 0. ... 0. 0. 0.],[0. 0. 0. ... 0. 0. 0.],[  0.   0.   0. ... 255. 255.   0.],100k
37,[0. 0. 0. ... 0. 0. 0.],[0. 0. 0. ... 0. 0. 0.],[0. 0. 0. ... 0. 0. 0.],[0. 0. 0. ... 0. 0. 0.],[0. 0. 0. ... 0. 0. 0.],[0. 0. 0. ... 0. 0. 0.],[0. 0. 0. ... 0. 0. 0.],[0. 0. 0. ... 0. 0. 0.],[0. 0. 0. ... 0. 0. 0.],[0. 0. 0. ... 0. 0. 0.],[0. 0. 0. ... 0. 0. 0.],[  0.   0.   0. ... 255. 255. 255.],680k
38,[0. 0. 0. ... 0. 0. 0.],[0. 0. 0. ... 0. 0. 0.],[0. 0. 0. ... 0. 0. 0.],[0. 0. 0. ... 0. 0. 0.],[0. 0. 0. ... 0. 0. 0.],[0. 0. 0. ... 0. 0. 0.],[0. 0. 0. ... 0. 0. 0.],[0. 0. 0. ... 0. 0. 0.],[0. 0. 0. ... 0. 0. 0.],[0. 0. 0. ... 0. 0. 0.],[0. 0. 0. ... 0. 0. 0.],[255. 255. 255. ... 255. 255. 255.],390k
39,[255. 255. 255. ... 255. 255. 255.],[0. 0. 0. ... 0. 0. 0.],[0. 0. 0. ... 0. 0. 0.],[0. 0. 0. ... 0. 0. 0.],[0. 0. 0. ... 0. 0. 0.],[0. 0. 0. ... 0. 0. 0.],[0. 0. 0. ... 0. 0. 0.],[0. 0. 0. ... 0. 0. 0.],[0. 0. 0. ... 0. 0. 0.],[0. 0. 0. ... 0. 0. 0.],[255. 255. 255. ... 255. 255. 255.],[0. 0. 0. ... 0. 0. 0.],220k
40,[255. 255. 255. ... 255. 255. 255.],[0. 0. 0. ... 0. 0. 0.],[0. 0. 0. ... 0. 0. 0.],[0. 0. 0. ... 0. 0. 0.],[0. 0. 0. ... 0. 0. 0.],[0. 0. 0. ... 0. 0. 0.],[0. 0. 0. ... 0. 0. 0.],[0. 0. 0. ... 0. 0. 0.],[0. 0. 0. ... 0. 0. 0.],[0. 0. 0. ... 0. 0. 0.],[255. 255. 255. ... 255. 255. 255.],[0. 0. 0. ... 0. 0. 0.],150k
41,[0. 0. 0. ... 0. 0. 0.],[0. 0. 0. ... 0. 0. 0.],[0. 0. 0. ... 0. 0. 0.],[0. 0. 0. ... 0. 0. 0.],[0. 0. 0. ... 0. 0. 0.],[0. 0. 0. ... 0. 0. 0.],[0. 0. 0. ... 0. 0. 0.],[0. 0. 0. ... 0. 0. 0.],[0. 0. 0. ... 0. 0. 0.],[0. 0. 0. ... 0. 0. 0.],[0. 0. 0. ... 0. 0. 0.],[0. 0. 0. ... 0. 0. 0.],180k
42,[255. 255. 255. ... 255. 255. 255.],[0. 0. 0. ... 0. 0. 0.],[0. 0. 0. ... 0. 0. 0.],[0. 0. 0. ... 0. 0. 0.],[0. 0. 0. ... 0. 0. 0.],[0. 0. 0. ... 0. 0. 0.],[0. 0. 0. ... 0. 0. 0.],[0. 0. 0. ... 0. 0. 0.],[0. 0. 0. ... 0. 0. 0.],[0. 0. 0. ... 0. 0. 0.],[255. 255. 255. ... 255. 255. 255.],[0. 0. 0. ... 0. 0. 0.],220k
43,[0. 0. 0. ... 0. 0. 0.],[0. 0. 0. ... 0. 0. 0.],[0. 0. 0. ... 0. 0. 0.],[0. 0. 0. ... 0. 0. 0.],[0. 0. 0. ... 0. 0. 0.],[0. 0. 0. ... 0. 0. 0.],[0. 0. 0. ... 0. 0. 0.],[0. 0. 0. ... 0. 0. 0.],[0. 0. 0. ... 0. 0. 0.],[0. 0. 0. ... 0. 0. 0.],[0. 0. 0. ... 0. 0. 0.],[255. 255. 255. ... 255. 255.   0.],120k
44,[255. 255. 255. ... 255. 255. 255.],[0. 0. 0. ... 0. 0. 0.],[0. 0. 0. ... 0. 0. 0.],[0. 0. 0. ... 0. 0. 0.],[0. 0. 0. ... 0. 0. 0.],[0. 0. 0. ... 0. 0. 0.],[0. 0. 0. ... 0. 0. 0.],[0. 0. 0. ... 0. 0. 0.],[0. 0. 0. ... 0. 0. 0.],[0. 0. 0. ... 0. 0. 0.],[255. 255. 255. ... 255. 255. 255.],[0. 0. 0. ... 0. 0. 0.],330k
45,[0. 0. 0. ... 0. 0. 0.],[0. 0. 0. ... 0. 0. 0.],[0. 0. 0. ... 0. 0. 0.],[0. 0. 0. ... 0. 0. 0.],[0. 0. 0. ... 0. 0. 0.],[0. 0. 0. ... 0. 0. 0.],[0. 0. 0. ... 0. 0. 0.],[0. 0. 0. ... 0. 0. 0.],[0. 0. 0. ... 0. 0. 0.],[0. 0. 0. ... 0. 0. 0.],[0. 0. 0. ... 0. 0. 0.],[255. 255. 255. ...   0.   0.   0.],680k
46,[255. 255. 255. ... 255. 255. 255.],[0. 0. 0. ... 0. 0. 0.],[0. 0. 0. ... 0. 0. 0.],[0. 0. 0. ... 0. 0. 0.],[0. 0. 0. ... 0. 0. 0.],[0. 0. 0. ... 0. 0. 0.],[0. 0. 0. ... 0. 0. 0.],[0. 0. 0. ... 0. 0. 0.],[0. 0. 0. ... 0. 0. 0.],[0. 0. 0. ... 0. 0. 0.],[255. 255. 255. ... 255. 255. 255.],[0. 0. 0. ... 0. 0. 0.],330k
47,[255. 255. 255. ... 255. 255. 255.],[0. 0. 0. ... 0. 0. 0.],[0. 0. 0. ... 0. 0. 0.],[0. 0. 0. ... 0. 0. 0.],[0. 0. 0. ... 0. 0. 0.],[0. 0. 0. ... 0. 0. 0.],[0. 0. 0. ... 0. 0. 0.],[0. 0. 0. ... 0. 0. 0.],[0. 0. 0. ... 0. 0. 0.],[0. 0. 0. ... 0. 0. 0.],[255. 255. 255. ... 255. 255. 255.],[0. 0. 0. ... 0. 0. 0.],120k
48,[0. 0. 0. ... 0. 0. 0.],[0. 0. 0. ... 0. 0. 0.],[0. 0. 0. ... 0. 0. 0.],[0. 0. 0. ... 0. 0. 0.],[0. 0. 0. ... 0. 0. 0.],[0. 0. 0. ... 0. 0. 0.],[0. 0. 0. ... 0. 0. 0.],[0. 0. 0. ... 0. 0. 0.],[0. 0. 0. ... 0. 0. 0.],[0. 0. 0. ... 0. 0. 0.],[0. 0. 0. ... 0. 0. 0.],[  0.   0.   0. ... 255. 255. 255.],220k
49,[0. 0. 0. ... 0. 0. 0.],[0. 0. 0. ... 0. 0. 0.],[0. 0. 0. ... 0. 0. 0.],[0. 0. 0. ... 0. 0. 0.],[0. 0. 0. ... 0. 0. 0.],[0. 0. 0. ... 0. 0. 0.],[0. 0. 0. ... 0. 0. 0.],[0. 0. 0. ... 0. 0. 0.],[0. 0. 0. ... 0. 0. 0.],[0. 0. 0. ... 0. 0. 0.],[0. 0. 0. ... 0. 0. 0.],[255. 255. 255. ... 255. 255. 255.],330k
50,[255. 255. 255. ... 255. 255. 255.],[0. 0. 0. ... 0. 0. 0.],[0. 0. 0. ... 0. 0. 0.],[0. 0. 0. ... 0. 0. 0.],[0. 0. 0. ... 0. 0. 0.],[0. 0. 0. ... 0. 0. 0.],[0. 0. 0. ... 0. 0. 0.],[0. 0. 0. ... 0. 0. 0.],[0. 0. 0. ... 0. 0. 0.],[0. 0. 0. ... 0. 0. 0.],[255. 255. 255. ... 255. 255. 255.],[0. 0. 0. ... 0. 0. 0.],390k
51,[255. 255. 255. ... 255. 255. 255.],[0. 0. 0. ... 0. 0. 0.],[0. 0. 0. ... 0. 0. 0.],[0. 0. 0. ... 0. 0. 0.],[0. 0. 0. ... 0. 0. 0.],[0. 0. 0. ... 0. 0. 0.],[0. 0. 0. ... 0. 0. 0.],[0. 0. 0. ... 0. 0. 0.],[0. 0. 0. ... 0. 0. 0.],[0. 0. 0. ... 0. 0. 0.],[255. 255. 255. ... 255. 255. 255.],[0. 0. 0. ... 0. 0. 0.],270k
52,[0. 0. 0. ... 0. 0. 0.],[0. 0. 0. ... 0. 0. 0.],[0. 0. 0. ... 0. 0. 0.],[0. 0. 0. ... 0. 0. 0.],[0. 0. 0. ... 0. 0. 0.],[0. 0. 0. ... 0. 0. 0.],[0. 0. 0. ... 0. 0. 0.],[0. 0. 0. ... 0. 0. 0.],[0. 0. 0. ... 0. 0. 0.],[0. 0. 0. ... 0. 0. 0.],[0. 0. 0. ... 0. 0. 0.],[  0.   0.   0. ... 255. 255. 255.],150k
53,[255. 255. 255. ... 255. 255. 255.],[0. 0. 0. ... 0. 0. 0.],[0. 0. 0. ... 0. 0. 0.],[0. 0. 0. ... 0. 0. 0.],[0. 0. 0. ... 0. 0. 0.],[0. 0. 0. ... 0. 0. 0.],[0. 0. 0. ... 0. 0. 0.],[0. 0. 0. ... 0. 0. 0.],[0. 0. 0. ... 0. 0. 0.],[0. 0. 0. ... 0. 0. 0.],[255. 255. 255. ... 255. 255. 255.],[0. 0. 0. ... 0. 0. 0.],820k
54,[255. 255. 255. ... 255. 255. 255.],[0. 0. 0. ... 0. 0. 0.],[0. 0. 0. ... 0. 0. 0.],[0. 0. 0. ... 0. 0. 0.],[0. 0. 0. ... 0. 0. 0.],[0. 0. 0. ... 0. 0. 0.],[0. 0. 0. ... 0. 0. 0.],[0. 0. 0. ... 0. 0. 0.],[0. 0. 0. ... 0. 0. 0.],[0. 0. 0. ... 0. 0. 0.],[255. 255. 255. ... 255. 255. 255.],[0. 0. 0. ... 0. 0. 0.],390k
55,[255. 255. 255. ... 255. 255. 255.],[0. 0. 0. ... 0. 0. 0.],[0. 0. 0. ... 0. 0. 0.],[0. 0. 0. ... 0. 0. 0.],[0. 0. 0. ... 0. 0. 0.],[0. 0. 0. ... 0. 0. 0.],[0. 0. 0. ... 0. 0. 0.],[0. 0. 0. ... 0. 0. 0.],[0. 0. 0. ... 0. 0. 0.],[0. 0. 0. ... 0. 0. 0.],[255. 255. 255. ... 255. 255. 255.],[0. 0. 0. ... 0. 0. 0.],470k
56,[255. 255. 255. ... 255. 255. 255.],[0. 0. 0. ... 0. 0. 0.],[0. 0. 0. ... 0. 0. 0.],[0. 0. 0. ... 0. 0. 0.],[0. 0. 0. ... 0. 0. 0.],[0. 0. 0. ... 0. 0. 0.],[0. 0. 0. ... 0. 0. 0.],[0. 0. 0. ... 0. 0. 0.],[0. 0. 0. ... 0. 0. 0.],[0. 0. 0. ... 0. 0. 0.],[255. 255. 255. ... 255. 255. 255.],[0. 0. 0. ... 0. 0. 0.],390k
57,[255. 255. 255. ... 255. 255. 255.],[0. 0. 0. ... 0. 0. 0.],[0. 0. 0. ... 0. 0. 0.],[0. 0. 0. ... 0. 0. 0.],[0. 0. 0. ... 0. 0. 0.],[0. 0. 0. ... 0. 0. 0.],[0. 0. 0. ... 0. 0. 0.],[0. 0. 0. ... 0. 0. 0.],[0. 0. 0. ... 0. 0. 0.],[0. 0. 0. ... 0. 0. 0.],[255. 255. 255. ... 255. 255. 255.],[0. 0. 0. ... 0. 0. 0.],120k
58,[255. 255. 255. ... 255. 255. 255.],[0. 0. 0. ... 0. 0. 0.],[0. 0. 0. ... 0. 0. 0.],[0. 0. 0. ... 0. 0. 0.],[0. 0. 0. ... 0. 0. 0.],[0. 0. 0. ... 0. 0. 0.],[0. 0. 0. ... 0. 0. 0.],[0. 0. 0. ... 0. 0. 0.],[0. 0. 0. ... 0. 0. 0.],[0. 0. 0. ... 0. 0. 0.],[255. 255. 255. ... 255. 255. 255.],[0. 0. 0. ... 0. 0. 0.],680k
59,[0. 0. 0. ... 0. 0. 0.],[0. 0. 0. ... 0. 0. 0.],[0. 0. 0. ... 0. 0. 0.],[0. 0. 0. ... 0. 0. 0.],[0. 0. 0. ... 0. 0. 0.],[0. 0. 0. ... 0. 0. 0.],[0. 0. 0. ... 0. 0. 0.],[0. 0. 0. ... 0. 0. 0.],[0. 0. 0. ... 0. 0. 0.],[0. 0. 0. ... 0. 0. 0.],[0. 0. 0. ... 0. 0. 0.],[255. 255. 255. ... 255. 255. 255.],330k
60,[255. 255. 255. ... 255. 255. 255.],[0. 0. 0. ... 0. 0. 0.],[0. 0. 0. ... 0. 0. 0.],[0. 0. 0. ... 0. 0. 0.],[0. 0. 0. ... 0. 0. 0.],[0. 0. 0. ... 0. 0. 0.],[0. 0. 0. ... 0. 0. 0.],[0. 0. 0. ... 0. 0. 0.],[0. 0. 0. ... 0. 0. 0.],[0. 0. 0. ... 0. 0. 0.],[255. 255. 255. ... 255. 255. 255.],[0. 0. 0. ... 0. 0. 0.],100k
61,[0. 0. 0. ... 0. 0. 0.],[0. 0. 0. ... 0. 0. 0.],[0. 0. 0. ... 0. 0. 0.],[0. 0. 0. ... 0. 0. 0.],[0. 0. 0. ... 0. 0. 0.],[0. 0. 0. ... 0. 0. 0.],[0. 0. 0. ... 0. 0. 0.],[0. 0. 0. ... 0. 0. 0.],[0. 0. 0. ... 0. 0. 0.],[0. 0. 0. ... 0. 0. 0.],[0. 0. 0. ... 0. 0. 0.],[255. 255. 255. ...   0.   0.   0.],470k
62,[255. 255. 255. ... 255. 255. 255.],[0. 0. 0. ... 0. 0. 0.],[0. 0. 0. ... 0. 0. 0.],[0. 0. 0. ... 0. 0. 0.],[0. 0. 0. ... 0. 0. 0.],[0. 0. 0. ... 0. 0. 0.],[0. 0. 0. ... 0. 0. 0.],[0. 0. 0. ... 0. 0. 0.],[0. 0. 0. ... 0. 0. 0.],[0. 0. 0. ... 0. 0. 0.],[255. 255. 255. ... 255. 255. 255.],[0. 0. 0. ... 0. 0. 0.],270k
63,[0. 0. 0. ... 0. 0. 0.],[0. 0. 0. ... 0. 0. 0.],[0. 0. 0. ... 0. 0. 0.],[0. 0. 0. ... 0. 0. 0.],[0. 0. 0. ... 0. 0. 0.],[0. 0. 0. ... 0. 0. 0.],[0. 0. 0. ... 0. 0. 0.],[0. 0. 0. ... 0. 0. 0.],[0. 0. 0. ... 0. 0. 0.],[0. 0. 0. ... 0. 0. 0.],[0. 0. 0. ... 0. 0. 0.],[255. 255. 255. ... 255. 255. 255.],560k
64,[0. 0. 0. ... 0. 0. 0.],[0. 0. 0. ... 0. 0. 0.],[0. 0. 0. ... 0. 0. 0.],[0. 0. 0. ... 0. 0. 0.],[0. 0. 0. ... 0. 0. 0.],[0. 0. 0. ... 0. 0. 0.],[0. 0. 0. ... 0. 0. 0.],[0. 0. 0. ... 0. 0. 0.],[0. 0. 0. ... 0. 0. 0.],[0. 0. 0. ... 0. 0. 0.],[0. 0. 0. ... 0. 0. 0.],[  0. 255. 255. ...   0.   0.   0.],100k
65,[0. 0. 0. ... 0. 0. 0.],[0. 0. 0. ... 0. 0. 0.],[0. 0. 0. ... 0. 0. 0.],[0. 0. 0. ... 0. 0. 0.],[0. 0. 0. ... 0. 0. 0.],[0. 0. 0. ... 0. 0. 0.],[0. 0. 0. ... 0. 0. 0.],[0. 0. 0. ... 0. 0. 0.],[0. 0. 0. ... 0. 0. 0.],[0. 0. 0. ... 0. 0. 0.],[0. 0. 0. ... 0. 0. 0.],[  0.   0.   0. ... 255. 255. 255.],220k
66,[0. 0. 0. ... 0. 0. 0.],[0. 0. 0. ... 0. 0. 0.],[0. 0. 0. ... 0. 0. 0.],[0. 0. 0. ... 0. 0. 0.],[0. 0. 0. ... 0. 0. 0.],[0. 0. 0. ... 0. 0. 0.],[0. 0. 0. ... 0. 0. 0.],[0. 0. 0. ... 0. 0. 0.],[0. 0. 0. ... 0. 0. 0.],[0. 0. 0. ... 0. 0. 0.],[0. 0. 0. ... 0. 0. 0.],[255. 255. 255. ... 255. 255. 255.],470k
67,[0. 0. 0. ... 0. 0. 0.],[0. 0. 0. ... 0. 0. 0.],[0. 0. 0. ... 0. 0. 0.],[0. 0. 0. ... 0. 0. 0.],[0. 0. 0. ... 0. 0. 0.],[0. 0. 0. ... 0. 0. 0.],[0. 0. 0. ... 0. 0. 0.],[0. 0. 0. ... 0. 0. 0.],[0. 0. 0. ... 0. 0. 0.],[0. 0. 0. ... 0. 0. 0.],[0. 0. 0. ... 0. 0. 0.],[255. 255. 255. ... 255. 255. 255.],120k
68,[255. 255. 255. ... 255. 255. 255.],[0. 0. 0. ... 0. 0. 0.],[0. 0. 0. ... 0. 0. 0.],[0. 0. 0. ... 0. 0. 0.],[0. 0. 0. ... 0. 0. 0.],[0. 0. 0. ... 0. 0. 0.],[0. 0. 0. ... 0. 0. 0.],[0. 0. 0. ... 0. 0. 0.],[0. 0. 0. ... 0. 0. 0.],[0. 0. 0. ... 0. 0. 0.],[255. 255. 255. ... 255. 255. 255.],[0. 0. 0. ... 0. 0. 0.],330k
69,[255. 255. 255. ... 255. 255. 255.],[0. 0. 0. ... 0. 0. 0.],[0. 0. 0. ... 0. 0. 0.],[0. 0. 0. ... 0. 0. 0.],[0. 0. 0. ... 0. 0. 0.],[0. 0. 0. ... 0. 0. 0.],[0. 0. 0. ... 0. 0. 0.],[0. 0. 0. ... 0. 0. 0.],[0. 0. 0. ... 0. 0. 0.],[0. 0. 0. ... 0. 0. 0.],[255. 255. 255. ... 255. 255. 255.],[0. 0. 0. ... 0. 0. 0.],120k
70,[255. 255. 255. ... 255. 255. 255.],[0. 0. 0. ... 0. 0. 0.],[0. 0. 0. ... 0. 0. 0.],[0. 0. 0. ... 0. 0. 0.],[0. 0. 0. ... 0. 0. 0.],[0. 0. 0. ... 0. 0. 0.],[0. 0. 0. ... 0. 0. 0.],[0. 0. 0. ... 0. 0. 0.],[0. 0. 0. ... 0. 0. 0.],[0. 0. 0. ... 0. 0. 0.],[255. 255. 255. ... 255. 255. 255.],[0. 0. 0. ... 0. 0. 0.],680k
71,[0. 0. 0. ... 0. 0. 0.],[0. 0. 0. ... 0. 0. 0.],[0. 0. 0. ... 0. 0. 0.],[0. 0. 0. ... 0. 0. 0.],[0. 0. 0. ... 0. 0. 0.],[0. 0. 0. ... 0. 0. 0.],[0. 0. 0. ... 0. 0. 0.],[0. 0. 0. ... 0. 0. 0.],[0. 0. 0. ... 0. 0. 0.],[0. 0. 0. ... 0. 0. 0.],[0. 0. 0. ... 0. 0. 0.],[255. 255. 255. ... 255. 255. 255.],180k
72,[0. 0. 0. ... 0. 0. 0.],[0. 0. 0. ... 0. 0. 0.],[0. 0. 0. ... 0. 0. 0.],[0. 0. 0. ... 0. 0. 0.],[0. 0. 0. ... 0. 0. 0.],[0. 0. 0. ... 0. 0. 0.],[0. 0. 0. ... 0. 0. 0.],[0. 0. 0. ... 0. 0. 0.],[0. 0. 0. ... 0. 0. 0.],[0. 0. 0. ... 0. 0. 0.],[0. 0. 0. ... 0. 0. 0.],[255. 255. 255. ... 255. 255. 255.],560k
73,[0. 0. 0. ... 0. 0. 0.],[0. 0. 0. ... 0. 0. 0.],[0. 0. 0. ... 0. 0. 0.],[0. 0. 0. ... 0. 0. 0.],[0. 0. 0. ... 0. 0. 0.],[0. 0. 0. ... 0. 0. 0.],[0. 0. 0. ... 0. 0. 0.],[0. 0. 0. ... 0. 0. 0.],[0. 0. 0. ... 0. 0. 0.],[0. 0. 0. ... 0. 0. 0.],[0. 0. 0. ... 0. 0. 0.],[255. 255. 255. ... 255. 255. 255.],680k
74,[255. 255. 255. ... 255. 255. 255.],[0. 0. 0. ... 0. 0. 0.],[0. 0. 0. ... 0. 0. 0.],[0. 0. 0. ... 0. 0. 0.],[0. 0. 0. ... 0. 0. 0.],[0. 0. 0. ... 0. 0. 0.],[0. 0. 0. ... 0. 0. 0.],[0. 0. 0. ... 0. 0. 0.],[0. 0. 0. ... 0. 0. 0.],[0. 0. 0. ... 0. 0. 0.],[255. 255. 255. ... 255. 255. 255.],[0. 0. 0. ... 0. 0. 0.],270k
75,[255. 255. 255. ... 255. 255. 255.],[0. 0. 0. ... 0. 0. 0.],[0. 0. 0. ... 0. 0. 0.],[0. 0. 0. ... 0. 0. 0.],[0. 0. 0. ... 0. 0. 0.],[0. 0. 0. ... 0. 0. 0.],[0. 0. 0. ... 0. 0. 0.],[0. 0. 0. ... 0. 0. 0.],[0. 0. 0. ... 0. 0. 0.],[0. 0. 0. ... 0. 0. 0.],[255. 255. 255. ... 255. 255. 255.],[0. 0. 0. ... 0. 0. 0.],150k
76,[0. 0. 0. ... 0. 0. 0.],[0. 0. 0. ... 0. 0. 0.],[0. 0. 0. ... 0. 0. 0.],[0. 0. 0. ... 0. 0. 0.],[0. 0. 0. ... 0. 0. 0.],[0. 0. 0. ... 0. 0. 0.],[0. 0. 0. ... 0. 0. 0.],[0. 0. 0. ... 0. 0. 0.],[0. 0. 0. ... 0. 0. 0.],[0. 0. 0. ... 0. 0. 0.],[0. 0. 0. ... 0. 0. 0.],[0. 0. 0. ... 0. 0. 0.],180k
77,[255. 255. 255. ... 255. 255. 255.],[0. 0. 0. ... 0. 0. 0.],[0. 0. 0. ... 0. 0. 0.],[0. 0. 0. ... 0. 0. 0.],[0. 0. 0. ... 0. 0. 0.],[0. 0. 0. ... 0. 0. 0.],[0. 0. 0. ... 0. 0. 0.],[0. 0. 0. ... 0. 0. 0.],[0. 0. 0. ... 0. 0. 0.],[0. 0. 0. ... 0. 0. 0.],[255. 255. 255. ... 255. 255. 255.],[0. 0. 0. ... 0. 0. 0.],330k
78,[255. 255. 255. ... 255. 255. 255.],[0. 0. 0. ... 0. 0. 0.],[0. 0. 0. ... 0. 0. 0.],[0. 0. 0. ... 0. 0. 0.],[0. 0. 0. ... 0. 0. 0.],[0. 0. 0. ... 0. 0. 0.],[0. 0. 0. ... 0. 0. 0.],[0. 0. 0. ... 0. 0. 0.],[0. 0. 0. ... 0. 0. 0.],[0. 0. 0. ... 0. 0. 0.],[255. 255. 255. ... 255. 255. 255.],[0. 0. 0. ... 0. 0. 0.],560k
79,[0. 0. 0. ... 0. 0. 0.],[0. 0. 0. ... 0. 0. 0.],[0. 0. 0. ... 0. 0. 0.],[0. 0. 0. ... 0. 0. 0.],[0. 0. 0. ... 0. 0. 0.],[0. 0. 0. ... 0. 0. 0.],[0. 0. 0. ... 0. 0. 0.],[0. 0. 0. ... 0. 0. 0.],[0. 0. 0. ... 0. 0. 0.],[0. 0. 0. ... 0. 0. 0.],[0. 0. 0. ... 0. 0. 0.],[255. 255. 255. ... 255. 255. 255.],220k
80,[255. 255. 255. ... 255. 255. 255.],[0. 0. 0. ... 0. 0. 0.],[0. 0. 0. ... 0. 0. 0.],[0. 0. 0. ... 0. 0. 0.],[0. 0. 0. ... 0. 0. 0.],[0. 0. 0. ... 0. 0. 0.],[0. 0. 0. ... 0. 0. 0.],[0. 0. 0. ... 0. 0. 0.],[0. 0. 0. ... 0. 0. 0.],[0. 0. 0. ... 0. 0. 0.],[255. 255. 255. ... 255. 255. 255.],[0. 0. 0. ... 0. 0. 0.],560k
81,[0. 0. 0. ... 0. 0. 0.],[0. 0. 0. ... 0. 0. 0.],[0. 0. 0. ... 0. 0. 0.],[0. 0. 0. ... 0. 0. 0.],[0. 0. 0. ... 0. 0. 0.],[0. 0. 0. ... 0. 0. 0.],[0. 0. 0. ... 0. 0. 0.],[0. 0. 0. ... 0. 0. 0.],[0. 0. 0. ... 0. 0. 0.],[0. 0. 0. ... 0. 0. 0.],[0. 0. 0. ... 0. 0. 0.],[255. 255. 255. ... 255. 255. 255.],100k
82,[255. 255. 255. ... 255. 255. 255.],[0. 0. 0. ... 0. 0. 0.],[0. 0. 0. ... 0. 0. 0.],[0. 0. 0. ... 0. 0. 0.],[0. 0. 0. ... 0. 0. 0.],[0. 0. 0. ... 0. 0. 0.],[0. 0. 0. ... 0. 0. 0.],[0. 0. 0. ... 0. 0. 0.],[0. 0. 0. ... 0. 0. 0.],[0. 0. 0. ... 0. 0. 0.],[255. 255. 255. ... 255. 255. 255.],[0. 0. 0. ... 0. 0. 0.],390k
83,[0. 0. 0. ... 0. 0. 0.],[0. 0. 0. ... 0. 0. 0.],[0. 0. 0. ... 0. 0. 0.],[0. 0. 0. ... 0. 0. 0.],[0. 0. 0. ... 0. 0. 0.],[0. 0. 0. ... 0. 0. 0.],[0. 0. 0. ... 0. 0. 0.],[0. 0. 0. ... 0. 0. 0.],[0. 0. 0. ... 0. 0. 0.],[0. 0. 0. ... 0. 0. 0.],[0. 0. 0. ... 0. 0. 0.],[0. 0. 0. ... 0. 0. 0.],470k
84,[255. 255. 255. ... 255. 255. 255.],[0. 0. 0. ... 0. 0. 0.],[0. 0. 0. ... 0. 0. 0.],[0. 0. 0. ... 0. 0. 0.],[0. 0. 0. ... 0. 0. 0.],[0. 0. 0. ... 0. 0. 0.],[0. 0. 0. ... 0. 0. 0.],[0. 0. 0. ... 0. 0. 0.],[0. 0. 0. ... 0. 0. 0.],[0. 0. 0. ... 0. 0. 0.],[255. 255. 255. ... 255. 255. 255.],[0. 0. 0. ... 0. 0. 0.],120k
85,[0. 0. 0. ... 0. 0. 0.],[0. 0. 0. ... 0. 0. 0.],[0. 0. 0. ... 0. 0. 0.],[0. 0. 0. ... 0. 0. 0.],[0. 0. 0. ... 0. 0. 0.],[0. 0. 0. ... 0. 0. 0.],[0. 0. 0. ... 0. 0. 0.],[0. 0. 0. ... 0. 0. 0.],[0. 0. 0. ... 0. 0. 0.],[0. 0. 0. ... 0. 0. 0.],[0. 0. 0. ... 0. 0. 0.],[255. 255. 255. ... 255. 255. 255.],680k
86,[255. 255. 255. ... 255. 255. 255.],[0. 0. 0. ... 0. 0. 0.],[0. 0. 0. ... 0. 0. 0.],[0. 0. 0. ... 0. 0. 0.],[0. 0. 0. ... 0. 0. 0.],[0. 0. 0. ... 0. 0. 0.],[0. 0. 0. ... 0. 0. 0.],[0. 0. 0. ... 0. 0. 0.],[0. 0. 0. ... 0. 0. 0.],[0. 0. 0. ... 0. 0. 0.],[255. 255. 255. ... 255. 255. 255.],[0. 0. 0. ... 0. 0. 0.],270k
87,[255. 255. 255. ... 255. 255. 255.],[0. 0. 0. ... 0. 0. 0.],[0. 0. 0. ... 0. 0. 0.],[0. 0. 0. ... 0. 0. 0.],[0. 0. 0. ... 0. 0. 0.],[0. 0. 0. ... 0. 0. 0.],[0. 0. 0. ... 0. 0. 0.],[0. 0. 0. ... 0. 0. 0.],[0. 0. 0. ... 0. 0. 0.],[0. 0. 0. ... 0. 0. 0.],[255. 255. 255. ... 255. 255. 255.],[0. 0. 0. ... 0. 0. 0.],560k
88,[255. 255. 255. ... 255. 255. 255.],[0. 0. 0. ... 0. 0. 0.],[0. 0. 0. ... 0. 0. 0.],[0. 0. 0. ... 0. 0. 0.],[0. 0. 0. ... 0. 0. 0.],[0. 0. 0. ... 0. 0. 0.],[0. 0. 0. ... 0. 0. 0.],[0. 0. 0. ... 0. 0. 0.],[0. 0. 0. ... 0. 0. 0.],[0. 0. 0. ... 0. 0. 0.],[255. 255. 255. ... 255. 255. 255.],[0. 0. 0. ... 0. 0. 0.],150k
89,[255. 255. 255. ... 255. 255. 255.],[0. 0. 0. ... 0. 0. 0.],[0. 0. 0. ... 0. 0. 0.],[0. 0. 0. ... 0. 0. 0.],[0. 0. 0. ... 0. 0. 0.],[0. 0. 0. ... 0. 0. 0.],[0. 0. 0. ... 0. 0. 0.],[0. 0. 0. ... 0. 0. 0.],[0. 0. 0. ... 0. 0. 0.],[0. 0. 0. ... 0. 0. 0.],[255. 255. 255. ... 255. 255. 255.],[0. 0. 0. ... 0. 0. 0.],150k
90,[0. 0. 0. ... 0. 0. 0.],[0. 0. 0. ... 0. 0. 0.],[0. 0. 0. ... 0. 0. 0.],[0. 0. 0. ... 0. 0. 0.],[0. 0. 0. ... 0. 0. 0.],[0. 0. 0. ... 0. 0. 0.],[0. 0. 0. ... 0. 0. 0.],[0. 0. 0. ... 0. 0. 0.],[0. 0. 0. ... 0. 0. 0.],[0. 0. 0. ... 0. 0. 0.],[0. 0. 0. ... 0. 0. 0.],[255. 255. 255. ...   0.   0.   0.],150k
91,[0. 0. 0. ... 0. 0. 0.],[0. 0. 0. ... 0. 0. 0.],[0. 0. 0. ... 0. 0. 0.],[0. 0. 0. ... 0. 0. 0.],[0. 0. 0. ... 0. 0. 0.],[0. 0. 0. ... 0. 0. 0.],[0. 0. 0. ... 0. 0. 0.],[0. 0. 0. ... 0. 0. 0.],[0. 0. 0. ... 0. 0. 0.],[0. 0. 0. ... 0. 0. 0.],[0. 0. 0. ... 0. 0. 0.],[  0.   0.   0. ... 255. 255. 255.],680k
92,[255. 255. 255. ... 255. 255. 255.],[0. 0. 0. ... 0. 0. 0.],[0. 0. 0. ... 0. 0. 0.],[0. 0. 0. ... 0. 0. 0.],[0. 0. 0. ... 0. 0. 0.],[0. 0. 0. ... 0. 0. 0.],[0. 0. 0. ... 0. 0. 0.],[0. 0. 0. ... 0. 0. 0.],[0. 0. 0. ... 0. 0. 0.],[0. 0. 0. ... 0. 0. 0.],[255. 255. 255. ... 255. 255. 255.],[0. 0. 0. ... 0. 0. 0.],220k
93,[0. 0. 0. ... 0. 0. 0.],[0. 0. 0. ... 0. 0. 0.],[0. 0. 0. ... 0. 0. 0.],[0. 0. 0. ... 0. 0. 0.],[0. 0. 0. ... 0. 0. 0.],[0. 0. 0. ... 0. 0. 0.],[0. 0. 0. ... 0. 0. 0.],[0. 0. 0. ... 0. 0. 0.],[0. 0. 0. ... 0. 0. 0.],[0. 0. 0. ... 0. 0. 0.],[0. 0. 0. ... 0. 0. 0.],[255. 255. 255. ... 255. 255. 255.],390k
94,[0. 0. 0. ... 0. 0. 0.],[0. 0. 0. ... 0. 0. 0.],[0. 0. 0. ... 0. 0. 0.],[0. 0. 0. ... 0. 0. 0.],[0. 0. 0. ... 0. 0. 0.],[0. 0. 0. ... 0. 0. 0.],[0. 0. 0. ... 0. 0. 0.],[0. 0. 0. ... 0. 0. 0.],[0. 0. 0. ... 0. 0. 0.],[0. 0. 0. ... 0. 0. 0.],[0. 0. 0. ... 0. 0. 0.],[255. 255. 255. ... 255. 255. 255.],120k
95,[0. 0. 0. ... 0. 0. 0.],[0. 0. 0. ... 0. 0. 0.],[0. 0. 0. ... 0. 0. 0.],[0. 0. 0. ... 0. 0. 0.],[0. 0. 0. ... 0. 0. 0.],[0. 0. 0. ... 0. 0. 0.],[0. 0. 0. ... 0. 0. 0.],[0. 0. 0. ... 0. 0. 0.],[0. 0. 0. ... 0. 0. 0.],[0. 0. 0. ... 0. 0. 0.],[0. 0. 0. ... 0. 0. 0.],[  0.   0.   0. ... 255. 255. 255.],560k
96,[0. 0. 0. ... 0. 0. 0.],[0. 0. 0. ... 0. 0. 0.],[0. 0. 0. ... 0. 0. 0.],[0. 0. 0. ... 0. 0. 0.],[0. 0. 0. ... 0. 0. 0.],[0. 0. 0. ... 0. 0. 0.],[0. 0. 0. ... 0. 0. 0.],[0. 0. 0. ... 0. 0. 0.],[0. 0. 0. ... 0. 0. 0.],[0. 0. 0. ... 0. 0. 0.],[0. 0. 0. ... 0. 0. 0.],[255. 255. 255. ... 255. 255. 255.],100K
97,[0. 0. 0. ... 0. 0. 0.],[0. 0. 0. ... 0. 0. 0.],[0. 0. 0. ... 0. 0. 0.],[0. 0. 0. ... 0. 0. 0.],[0. 0. 0. ... 0. 0. 0.],[0. 0. 0. ... 0. 0. 0.],[0. 0. 0. ... 0. 0. 0.],[0. 0. 0. ... 0. 0. 0.],[0. 0. 0. ... 0. 0. 0.],[0. 0. 0. ... 0. 0. 0.],[0. 0. 0. ... 0. 0. 0.],[255. 255. 255. ...   0.   0.   0.],820k
98,[255. 255. 255. ... 255. 255. 255.],[0. 0. 0. ... 0. 0. 0.],[0. 0. 0. ... 0. 0. 0.],[0. 0. 0. ... 0. 0. 0.],[0. 0. 0. ... 0. 0. 0.],[0. 0. 0. ... 0. 0. 0.],[0. 0. 0. ... 0. 0. 0.],[0. 0. 0. ... 0. 0. 0.],[0. 0. 0. ... 0. 0. 0.],[0. 0. 0. ... 0. 0. 0.],[255. 255. 255. ... 255. 255. 255.],[0. 0. 0. ... 0. 0. 0.],680k
99,[255. 255. 255. ... 255. 255. 255.],[0. 0. 0. ... 0. 0. 0.],[0. 0. 0. ... 0. 0. 0.],[0. 0. 0. ... 0. 0. 0.],[0. 0. 0. ... 0. 0. 0.],[0. 0. 0. ... 0. 0. 0.],[0. 0. 0. ... 0. 0. 0.],[0. 0. 0. ... 0. 0. 0.],[0. 0. 0. ... 0. 0. 0.],[0. 0. 0. ... 0. 0. 0.],[255. 255. 255. ... 255. 255. 255.],[0. 0. 0. ... 0. 0. 0.],150k
100,[0. 0. 0. ... 0. 0. 0.],[0. 0. 0. ... 0. 0. 0.],[0. 0. 0. ... 0. 0. 0.],[0. 0. 0. ... 0. 0. 0.],[0. 0. 0. ... 0. 0. 0.],[0. 0. 0. ... 0. 0. 0.],[0. 0. 0. ... 0. 0. 0.],[0. 0. 0. ... 0. 0. 0.],[0. 0. 0. ... 0. 0. 0.],[0. 0. 0. ... 0. 0. 0.],[0. 0. 0. ... 0. 0. 0.],[  0.   0.   0. ... 255.   0.   0.],150k
101,[255. 255. 255. ... 255. 255. 255.],[0. 0. 0. ... 0. 0. 0.],[0. 0. 0. ... 0. 0. 0.],[0. 0. 0. ... 0. 0. 0.],[0. 0. 0. ... 0. 0. 0.],[0. 0. 0. ... 0. 0. 0.],[0. 0. 0. ... 0. 0. 0.],[0. 0. 0. ... 0. 0. 0.],[0. 0. 0. ... 0. 0. 0.],[0. 0. 0. ... 0. 0. 0.],[255. 255. 255. ... 255. 255. 255.],[0. 0. 0. ... 0. 0. 0.],560k
102,[255. 255. 255. ... 255. 255. 255.],[0. 0. 0. ... 0. 0. 0.],[0. 0. 0. ... 0. 0. 0.],[0. 0. 0. ... 0. 0. 0.],[0. 0. 0. ... 0. 0. 0.],[0. 0. 0. ... 0. 0. 0.],[0. 0. 0. ... 0. 0. 0.],[0. 0. 0. ... 0. 0. 0.],[0. 0. 0. ... 0. 0. 0.],[0. 0. 0. ... 0. 0. 0.],[255. 255. 255. ... 255. 255. 255.],[0. 0. 0. ... 0. 0. 0.],120k
103,[255. 255. 255. ... 255. 255. 255.],[0. 0. 0. ... 0. 0. 0.],[0. 0. 0. ... 0. 0. 0.],[0. 0. 0. ... 0. 0. 0.],[0. 0. 0. ... 0. 0. 0.],[0. 0. 0. ... 0. 0. 0.],[0. 0. 0. ... 0. 0. 0.],[0. 0. 0. ... 0. 0. 0.],[0. 0. 0. ... 0. 0. 0.],[0. 0. 0. ... 0. 0. 0.],[255. 255. 255. ... 255. 255. 255.],[0. 0. 0. ... 0. 0. 0.],270k
104,[0. 0. 0. ... 0. 0. 0.],[0. 0. 0. ... 0. 0. 0.],[0. 0. 0. ... 0. 0. 0.],[0. 0. 0. ... 0. 0. 0.],[0. 0. 0. ... 0. 0. 0.],[0. 0. 0. ... 0. 0. 0.],[0. 0. 0. ... 0. 0. 0.],[0. 0. 0. ... 0. 0. 0.],[0. 0. 0. ... 0. 0. 0.],[0. 0. 0. ... 0. 0. 0.],[0. 0. 0. ... 0. 0. 0.],[  0.   0.   0. ... 255. 255. 255.],820k
105,[255. 255. 255. ... 255. 255. 255.],[0. 0. 0. ... 0. 0. 0.],[0. 0. 0. ... 0. 0. 0.],[0. 0. 0. ... 0. 0. 0.],[0. 0. 0. ... 0. 0. 0.],[0. 0. 0. ... 0. 0. 0.],[0. 0. 0. ... 0. 0. 0.],[0. 0. 0. ... 0. 0. 0.],[0. 0. 0. ... 0. 0. 0.],[0. 0. 0. ... 0. 0. 0.],[255. 255. 255. ... 255. 255. 255.],[0. 0. 0. ... 0. 0. 0.],220k
106,[0. 0. 0. ... 0. 0. 0.],[0. 0. 0. ... 0. 0. 0.],[0. 0. 0. ... 0. 0. 0.],[0. 0. 0. ... 0. 0. 0.],[0. 0. 0. ... 0. 0. 0.],[0. 0. 0. ... 0. 0. 0.],[0. 0. 0. ... 0. 0. 0.],[0. 0. 0. ... 0. 0. 0.],[0. 0. 0. ... 0. 0. 0.],[0. 0. 0. ... 0. 0. 0.],[0. 0. 0. ... 0. 0. 0.],[255. 255. 255. ... 255. 255. 255.],330k
107,[0. 0. 0. ... 0. 0. 0.],[0. 0. 0. ... 0. 0. 0.],[0. 0. 0. ... 0. 0. 0.],[0. 0. 0. ... 0. 0. 0.],[0. 0. 0. ... 0. 0. 0.],[0. 0. 0. ... 0. 0. 0.],[0. 0. 0. ... 0. 0. 0.],[0. 0. 0. ... 0. 0. 0.],[0. 0. 0. ... 0. 0. 0.],[0. 0. 0. ... 0. 0. 0.],[0. 0. 0. ... 0. 0. 0.],[255. 255. 255. ... 255. 255. 255.],330k
108,[255. 255. 255. ... 255. 255. 255.],[0. 0. 0. ... 0. 0. 0.],[0. 0. 0. ... 0. 0. 0.],[0. 0. 0. ... 0. 0. 0.],[0. 0. 0. ... 0. 0. 0.],[0. 0. 0. ... 0. 0. 0.],[0. 0. 0. ... 0. 0. 0.],[0. 0. 0. ... 0. 0. 0.],[0. 0. 0. ... 0. 0. 0.],[0. 0. 0. ... 0. 0. 0.],[255. 255. 255. ... 255. 255. 255.],[0. 0. 0. ... 0. 0. 0.],560k
109,[0. 0. 0. ... 0. 0. 0.],[0. 0. 0. ... 0. 0. 0.],[0. 0. 0. ... 0. 0. 0.],[0. 0. 0. ... 0. 0. 0.],[0. 0. 0. ... 0. 0. 0.],[0. 0. 0. ... 0. 0. 0.],[0. 0. 0. ... 0. 0. 0.],[0. 0. 0. ... 0. 0. 0.],[0. 0. 0. ... 0. 0. 0.],[0. 0. 0. ... 0. 0. 0.],[0. 0. 0. ... 0. 0. 0.],[255. 255. 255. ...   0.   0.   0.],820k
110,[0. 0. 0. ... 0. 0. 0.],[0. 0. 0. ... 0. 0. 0.],[0. 0. 0. ... 0. 0. 0.],[0. 0. 0. ... 0. 0. 0.],[0. 0. 0. ... 0. 0. 0.],[0. 0. 0. ... 0. 0. 0.],[0. 0. 0. ... 0. 0. 0.],[0. 0. 0. ... 0. 0. 0.],[0. 0. 0. ... 0. 0. 0.],[0. 0. 0. ... 0. 0. 0.],[0. 0. 0. ... 0. 0. 0.],[255. 255. 255. ... 255. 255. 255.],330k
111,[0. 0. 0. ... 0. 0. 0.],[0. 0. 0. ... 0. 0. 0.],[0. 0. 0. ... 0. 0. 0.],[0. 0. 0. ... 0. 0. 0.],[0. 0. 0. ... 0. 0. 0.],[0. 0. 0. ... 0. 0. 0.],[0. 0. 0. ... 0. 0. 0.],[0. 0. 0. ... 0. 0. 0.],[0. 0. 0. ... 0. 0. 0.],[0. 0. 0. ... 0. 0. 0.],[0. 0. 0. ... 0. 0. 0.],[255. 255. 255. ... 255. 255.   0.],270k
112,[255. 255. 255. ... 255. 255. 255.],[0. 0. 0. ... 0. 0. 0.],[0. 0. 0. ... 0. 0. 0.],[0. 0. 0. ... 0. 0. 0.],[0. 0. 0. ... 0. 0. 0.],[0. 0. 0. ... 0. 0. 0.],[0. 0. 0. ... 0. 0. 0.],[0. 0. 0. ... 0. 0. 0.],[0. 0. 0. ... 0. 0. 0.],[0. 0. 0. ... 0. 0. 0.],[255. 255. 255. ... 255. 255. 255.],[0. 0. 0. ... 0. 0. 0.],120k
113,[255. 255. 255. ... 255. 255. 255.],[0. 0. 0. ... 0. 0. 0.],[0. 0. 0. ... 0. 0. 0.],[0. 0. 0. ... 0. 0. 0.],[0. 0. 0. ... 0. 0. 0.],[0. 0. 0. ... 0. 0. 0.],[0. 0. 0. ... 0. 0. 0.],[0. 0. 0. ... 0. 0. 0.],[0. 0. 0. ... 0. 0. 0.],[0. 0. 0. ... 0. 0. 0.],[255. 255. 255. ... 255. 255. 255.],[0. 0. 0. ... 0. 0. 0.],560k
114,[255. 255. 255. ... 255. 255. 255.],[0. 0. 0. ... 0. 0. 0.],[0. 0. 0. ... 0. 0. 0.],[0. 0. 0. ... 0. 0. 0.],[0. 0. 0. ... 0. 0. 0.],[0. 0. 0. ... 0. 0. 0.],[0. 0. 0. ... 0. 0. 0.],[0. 0. 0. ... 0. 0. 0.],[0. 0. 0. ... 0. 0. 0.],[0. 0. 0. ... 0. 0. 0.],[255. 255. 255. ... 255. 255. 255.],[0. 0. 0. ... 0. 0. 0.],270k
115,[0. 0. 0. ... 0. 0. 0.],[0. 0. 0. ... 0. 0. 0.],[0. 0. 0. ... 0. 0. 0.],[0. 0. 0. ... 0. 0. 0.],[0. 0. 0. ... 0. 0. 0.],[0. 0. 0. ... 0. 0. 0.],[0. 0. 0. ... 0. 0. 0.],[0. 0. 0. ... 0. 0. 0.],[0. 0. 0. ... 0. 0. 0.],[0. 0. 0. ... 0. 0. 0.],[0. 0. 0. ... 0. 0. 0.],[0. 0. 0. ... 0. 0. 0.],180k
116,[255. 255. 255. ... 255. 255. 255.],[0. 0. 0. ... 0. 0. 0.],[0. 0. 0. ... 0. 0. 0.],[0. 0. 0. ... 0. 0. 0.],[0. 0. 0. ... 0. 0. 0.],[0. 0. 0. ... 0. 0. 0.],[0. 0. 0. ... 0. 0. 0.],[0. 0. 0. ... 0. 0. 0.],[0. 0. 0. ... 0. 0. 0.],[0. 0. 0. ... 0. 0. 0.],[255. 255. 255. ... 255. 255. 255.],[0. 0. 0. ... 0. 0. 0.],390k
117,[0. 0. 0. ... 0. 0. 0.],[0. 0. 0. ... 0. 0. 0.],[0. 0. 0. ... 0. 0. 0.],[0. 0. 0. ... 0. 0. 0.],[0. 0. 0. ... 0. 0. 0.],[0. 0. 0. ... 0. 0. 0.],[0. 0. 0. ... 0. 0. 0.],[0. 0. 0. ... 0. 0. 0.],[0. 0. 0. ... 0. 0. 0.],[0. 0. 0. ... 0. 0. 0.],[0. 0. 0. ... 0. 0. 0.],[255. 255. 255. ...   0.   0.   0.],680k
118,[255. 255. 255. ... 255. 255. 255.],[0. 0. 0. ... 0. 0. 0.],[0. 0. 0. ... 0. 0. 0.],[0. 0. 0. ... 0. 0. 0.],[0. 0. 0. ... 0. 0. 0.],[0. 0. 0. ... 0. 0. 0.],[0. 0. 0. ... 0. 0. 0.],[0. 0. 0. ... 0. 0. 0.],[0. 0. 0. ... 0. 0. 0.],[0. 0. 0. ... 0. 0. 0.],[255. 255. 255. ... 255. 255. 255.],[0. 0. 0. ... 0. 0. 0.],120k
119,[255. 255. 255. ... 255. 255. 255.],[0. 0. 0. ... 0. 0. 0.],[0. 0. 0. ... 0. 0. 0.],[0. 0. 0. ... 0. 0. 0.],[0. 0. 0. ... 0. 0. 0.],[0. 0. 0. ... 0. 0. 0.],[0. 0. 0. ... 0. 0. 0.],[0. 0. 0. ... 0. 0. 0.],[0. 0. 0. ... 0. 0. 0.],[0. 0. 0. ... 0. 0. 0.],[255. 255. 255. ... 255. 255. 255.],[0. 0. 0. ... 0. 0. 0.],270k
120,[0. 0. 0. ... 0. 0. 0.],[0. 0. 0. ... 0. 0. 0.],[0. 0. 0. ... 0. 0. 0.],[0. 0. 0. ... 0. 0. 0.],[0. 0. 0. ... 0. 0. 0.],[0. 0. 0. ... 0. 0. 0.],[0. 0. 0. ... 0. 0. 0.],[0. 0. 0. ... 0. 0. 0.],[0. 0. 0. ... 0. 0. 0.],[0. 0. 0. ... 0. 0. 0.],[0. 0. 0. ... 0. 0. 0.],[  0. 255. 255. ... 255. 255. 255.],390k
121,[255. 255. 255. ... 255. 255. 255.],[0. 0. 0. ... 0. 0. 0.],[0. 0. 0. ... 0. 0. 0.],[0. 0. 0. ... 0. 0. 0.],[0. 0. 0. ... 0. 0. 0.],[0. 0. 0. ... 0. 0. 0.],[0. 0. 0. ... 0. 0. 0.],[0. 0. 0. ... 0. 0. 0.],[0. 0. 0. ... 0. 0. 0.],[0. 0. 0. ... 0. 0. 0.],[255. 255. 255. ... 255. 255. 255.],[0. 0. 0. ... 0. 0. 0.],560k
122,[255. 255. 255. ... 255. 255. 255.],[0. 0. 0. ... 0. 0. 0.],[0. 0. 0. ... 0. 0. 0.],[0. 0. 0. ... 0. 0. 0.],[0. 0. 0. ... 0. 0. 0.],[0. 0. 0. ... 0. 0. 0.],[0. 0. 0. ... 0. 0. 0.],[0. 0. 0. ... 0. 0. 0.],[0. 0. 0. ... 0. 0. 0.],[0. 0. 0. ... 0. 0. 0.],[255. 255. 255. ... 255. 255. 255.],[0. 0. 0. ... 0. 0. 0.],270k
123,[0. 0. 0. ... 0. 0. 0.],[0. 0. 0. ... 0. 0. 0.],[0. 0. 0. ... 0. 0. 0.],[0. 0. 0. ... 0. 0. 0.],[0. 0. 0. ... 0. 0. 0.],[0. 0. 0. ... 0. 0. 0.],[0. 0. 0. ... 0. 0. 0.],[0. 0. 0. ... 0. 0. 0.],[0. 0. 0. ... 0. 0. 0.],[0. 0. 0. ... 0. 0. 0.],[0. 0. 0. ... 0. 0. 0.],[255. 255. 255. ... 255. 255. 255.],680k
124,[255. 255. 255. ... 255. 255. 255.],[0. 0. 0. ... 0. 0. 0.],[0. 0. 0. ... 0. 0. 0.],[0. 0. 0. ... 0. 0. 0.],[0. 0. 0. ... 0. 0. 0.],[0. 0. 0. ... 0. 0. 0.],[0. 0. 0. ... 0. 0. 0.],[0. 0. 0. ... 0. 0. 0.],[0. 0. 0. ... 0. 0. 0.],[0. 0. 0. ... 0. 0. 0.],[255. 255. 255. ... 255. 255. 255.],[0. 0. 0. ... 0. 0. 0.],560k
125,[0. 0. 0. ... 0. 0. 0.],[0. 0. 0. ... 0. 0. 0.],[0. 0. 0. ... 0. 0. 0.],[0. 0. 0. ... 0. 0. 0.],[0. 0. 0. ... 0. 0. 0.],[0. 0. 0. ... 0. 0. 0.],[0. 0. 0. ... 0. 0. 0.],[0. 0. 0. ... 0. 0. 0.],[0. 0. 0. ... 0. 0. 0.],[0. 0. 0. ... 0. 0. 0.],[0. 0. 0. ... 0. 0. 0.],[255. 255. 255. ... 255. 255. 255.],390k
126,[0. 0. 0. ... 0. 0. 0.],[0. 0. 0. ... 0. 0. 0.],[0. 0. 0. ... 0. 0. 0.],[0. 0. 0. ... 0. 0. 0.],[0. 0. 0. ... 0. 0. 0.],[0. 0. 0. ... 0. 0. 0.],[0. 0. 0. ... 0. 0. 0.],[0. 0. 0. ... 0. 0. 0.],[0. 0. 0. ... 0. 0. 0.],[0. 0. 0. ... 0. 0. 0.],[0. 0. 0. ... 0. 0. 0.],[255. 255. 255. ... 255. 255. 255.],330k
127,[255. 255. 255. ... 255. 255. 255.],[0. 0. 0. ... 0. 0. 0.],[0. 0. 0. ... 0. 0. 0.],[0. 0. 0. ... 0. 0. 0.],[0. 0. 0. ... 0. 0. 0.],[0. 0. 0. ... 0. 0. 0.],[0. 0. 0. ... 0. 0. 0.],[0. 0. 0. ... 0. 0. 0.],[0. 0. 0. ... 0. 0. 0.],[0. 0. 0. ... 0. 0. 0.],[255. 255. 255. ... 255. 255. 255.],[0. 0. 0. ... 0. 0. 0.],470k
128,[0. 0. 0. ... 0. 0. 0.],[0. 0. 0. ... 0. 0. 0.],[0. 0. 0. ... 0. 0. 0.],[0. 0. 0. ... 0. 0. 0.],[0. 0. 0. ... 0. 0. 0.],[0. 0. 0. ... 0. 0. 0.],[0. 0. 0. ... 0. 0. 0.],[0. 0. 0. ... 0. 0. 0.],[0. 0. 0. ... 0. 0. 0.],[0. 0. 0. ... 0. 0. 0.],[0. 0. 0. ... 0. 0. 0.],[255. 255. 255. ... 255. 255. 255.],820k
129,[255. 255. 255. ... 255. 255. 255.],[0. 0. 0. ... 0. 0. 0.],[0. 0. 0. ... 0. 0. 0.],[0. 0. 0. ... 0. 0. 0.],[0. 0. 0. ... 0. 0. 0.],[0. 0. 0. ... 0. 0. 0.],[0. 0. 0. ... 0. 0. 0.],[0. 0. 0. ... 0. 0. 0.],[0. 0. 0. ... 0. 0. 0.],[0. 0. 0. ... 0. 0. 0.],[255. 255. 255. ... 255. 255. 255.],[0. 0. 0. ... 0. 0. 0.],330k
130,[255. 255. 255. ... 255. 255. 255.],[0. 0. 0. ... 0. 0. 0.],[0. 0. 0. ... 0. 0. 0.],[0. 0. 0. ... 0. 0. 0.],[0. 0. 0. ... 0. 0. 0.],[0. 0. 0. ... 0. 0. 0.],[0. 0. 0. ... 0. 0. 0.],[0. 0. 0. ... 0. 0. 0.],[0. 0. 0. ... 0. 0. 0.],[0. 0. 0. ... 0. 0. 0.],[255. 255. 255. ... 255. 255. 255.],[0. 0. 0. ... 0. 0. 0.],560k
131,[0. 0. 0. ... 0. 0. 0.],[0. 0. 0. ... 0. 0. 0.],[0. 0. 0. ... 0. 0. 0.],[0. 0. 0. ... 0. 0. 0.],[0. 0. 0. ... 0. 0. 0.],[0. 0. 0. ... 0. 0. 0.],[0. 0. 0. ... 0. 0. 0.],[0. 0. 0. ... 0. 0. 0.],[0. 0. 0. ... 0. 0. 0.],[0. 0. 0. ... 0. 0. 0.],[0. 0. 0. ... 0. 0. 0.],[0. 0. 0. ... 0. 0. 0.],180k
132,[0. 0. 0. ... 0. 0. 0.],[0. 0. 0. ... 0. 0. 0.],[0. 0. 0. ... 0. 0. 0.],[0. 0. 0. ... 0. 0. 0.],[0. 0. 0. ... 0. 0. 0.],[0. 0. 0. ... 0. 0. 0.],[0. 0. 0. ... 0. 0. 0.],[0. 0. 0. ... 0. 0. 0.],[0. 0. 0. ... 0. 0. 0.],[0. 0. 0. ... 0. 0. 0.],[0. 0. 0. ... 0. 0. 0.],[255. 255. 255. ... 255. 255. 255.],560k
133,[0. 0. 0. ... 0. 0. 0.],[0. 0. 0. ... 0. 0. 0.],[0. 0. 0. ... 0. 0. 0.],[0. 0. 0. ... 0. 0. 0.],[0. 0. 0. ... 0. 0. 0.],[0. 0. 0. ... 0. 0. 0.],[0. 0. 0. ... 0. 0. 0.],[0. 0. 0. ... 0. 0. 0.],[0. 0. 0. ... 0. 0. 0.],[0. 0. 0. ... 0. 0. 0.],[0. 0. 0. ... 0. 0. 0.],[255. 255. 255. ... 255. 255. 255.],120k
134,[255. 255. 255. ... 255. 255. 255.],[0. 0. 0. ... 0. 0. 0.],[0. 0. 0. ... 0. 0. 0.],[0. 0. 0. ... 0. 0. 0.],[0. 0. 0. ... 0. 0. 0.],[0. 0. 0. ... 0. 0. 0.],[0. 0. 0. ... 0. 0. 0.],[0. 0. 0. ... 0. 0. 0.],[0. 0. 0. ... 0. 0. 0.],[0. 0. 0. ... 0. 0. 0.],[255. 255. 255. ... 255. 255. 255.],[0. 0. 0. ... 0. 0. 0.],470k
135,[0. 0. 0. ... 0. 0. 0.],[0. 0. 0. ... 0. 0. 0.],[0. 0. 0. ... 0. 0. 0.],[0. 0. 0. ... 0. 0. 0.],[0. 0. 0. ... 0. 0. 0.],[0. 0. 0. ... 0. 0. 0.],[0. 0. 0. ... 0. 0. 0.],[0. 0. 0. ... 0. 0. 0.],[0. 0. 0. ... 0. 0. 0.],[0. 0. 0. ... 0. 0. 0.],[0. 0. 0. ... 0. 0. 0.],[255. 255. 255. ... 255. 255. 255.],100k
136,[255. 255. 255. ... 255. 255. 255.],[0. 0. 0. ... 0. 0. 0.],[0. 0. 0. ... 0. 0. 0.],[0. 0. 0. ... 0. 0. 0.],[0. 0. 0. ... 0. 0. 0.],[0. 0. 0. ... 0. 0. 0.],[0. 0. 0. ... 0. 0. 0.],[0. 0. 0. ... 0. 0. 0.],[0. 0. 0. ... 0. 0. 0.],[0. 0. 0. ... 0. 0. 0.],[255. 255. 255. ... 255. 255. 255.],[0. 0. 0. ... 0. 0. 0.],330k
137,[255. 255. 255. ... 255. 255. 255.],[0. 0. 0. ... 0. 0. 0.],[0. 0. 0. ... 0. 0. 0.],[0. 0. 0. ... 0. 0. 0.],[0. 0. 0. ... 0. 0. 0.],[0. 0. 0. ... 0. 0. 0.],[0. 0. 0. ... 0. 0. 0.],[0. 0. 0. ... 0. 0. 0.],[0. 0. 0. ... 0. 0. 0.],[0. 0. 0. ... 0. 0. 0.],[255. 255. 255. ... 255. 255. 255.],[0. 0. 0. ... 0. 0. 0.],470k
138,[0. 0. 0. ... 0. 0. 0.],[0. 0. 0. ... 0. 0. 0.],[0. 0. 0. ... 0. 0. 0.],[0. 0. 0. ... 0. 0. 0.],[0. 0. 0. ... 0. 0. 0.],[0. 0. 0. ... 0. 0. 0.],[0. 0. 0. ... 0. 0. 0.],[0. 0. 0. ... 0. 0. 0.],[0. 0. 0. ... 0. 0. 0.],[0. 0. 0. ... 0. 0. 0.],[0. 0. 0. ... 0. 0. 0.],[255. 255. 255. ... 255. 255. 255.],270k
139,[0. 0. 0. ... 0. 0. 0.],[0. 0. 0. ... 0. 0. 0.],[0. 0. 0. ... 0. 0. 0.],[0. 0. 0. ... 0. 0. 0.],[0. 0. 0. ... 0. 0. 0.],[0. 0. 0. ... 0. 0. 0.],[0. 0. 0. ... 0. 0. 0.],[0. 0. 0. ... 0. 0. 0.],[0. 0. 0. ... 0. 0. 0.],[0. 0. 0. ... 0. 0. 0.],[0. 0. 0. ... 0. 0. 0.],[255. 255. 255. ... 255. 255. 255.],330k
140,[255. 255. 255. ... 255. 255. 255.],[0. 0. 0. ... 0. 0. 0.],[0. 0. 0. ... 0. 0. 0.],[0. 0. 0. ... 0. 0. 0.],[0. 0. 0. ... 0. 0. 0.],[0. 0. 0. ... 0. 0. 0.],[0. 0. 0. ... 0. 0. 0.],[0. 0. 0. ... 0. 0. 0.],[0. 0. 0. ... 0. 0. 0.],[0. 0. 0. ... 0. 0. 0.],[255. 255. 255. ... 255. 255. 255.],[0. 0. 0. ... 0. 0. 0.],100k
141,[0. 0. 0. ... 0. 0. 0.],[0. 0. 0. ... 0. 0. 0.],[0. 0. 0. ... 0. 0. 0.],[0. 0. 0. ... 0. 0. 0.],[0. 0. 0. ... 0. 0. 0.],[0. 0. 0. ... 0. 0. 0.],[0. 0. 0. ... 0. 0. 0.],[0. 0. 0. ... 0. 0. 0.],[0. 0. 0. ... 0. 0. 0.],[0. 0. 0. ... 0. 0. 0.],[0. 0. 0. ... 0. 0. 0.],[  0.   0. 255. ... 255. 255. 255.],330k
142,[255. 255. 255. ... 255. 255. 255.],[0. 0. 0. ... 0. 0. 0.],[0. 0. 0. ... 0. 0. 0.],[0. 0. 0. ... 0. 0. 0.],[0. 0. 0. ... 0. 0. 0.],[0. 0. 0. ... 0. 0. 0.],[0. 0. 0. ... 0. 0. 0.],[0. 0. 0. ... 0. 0. 0.],[0. 0. 0. ... 0. 0. 0.],[0. 0. 0. ... 0. 0. 0.],[255. 255. 255. ... 255. 255. 255.],[0. 0. 0. ... 0. 0. 0.],180k
143,[255. 255. 255. ... 255. 255. 255.],[0. 0. 0. ... 0. 0. 0.],[0. 0. 0. ... 0. 0. 0.],[0. 0. 0. ... 0. 0. 0.],[0. 0. 0. ... 0. 0. 0.],[0. 0. 0. ... 0. 0. 0.],[0. 0. 0. ... 0. 0. 0.],[0. 0. 0. ... 0. 0. 0.],[0. 0. 0. ... 0. 0. 0.],[0. 0. 0. ... 0. 0. 0.],[255. 255. 255. ... 255. 255. 255.],[0. 0. 0. ... 0. 0. 0.],330k
144,[255. 255. 255. ... 255. 255. 255.],[0. 0. 0. ... 0. 0. 0.],[0. 0. 0. ... 0. 0. 0.],[0. 0. 0. ... 0. 0. 0.],[0. 0. 0. ... 0. 0. 0.],[0. 0. 0. ... 0. 0. 0.],[0. 0. 0. ... 0. 0. 0.],[0. 0. 0. ... 0. 0. 0.],[0. 0. 0. ... 0. 0. 0.],[0. 0. 0. ... 0. 0. 0.],[255. 255. 255. ... 255. 255. 255.],[0. 0. 0. ... 0. 0. 0.],470k
145,[0. 0. 0. ... 0. 0. 0.],[0. 0. 0. ... 0. 0. 0.],[0. 0. 0. ... 0. 0. 0.],[0. 0. 0. ... 0. 0. 0.],[0. 0. 0. ... 0. 0. 0.],[0. 0. 0. ... 0. 0. 0.],[0. 0. 0. ... 0. 0. 0.],[0. 0. 0. ... 0. 0. 0.],[0. 0. 0. ... 0. 0. 0.],[0. 0. 0. ... 0. 0. 0.],[0. 0. 0. ... 0. 0. 0.],[255. 255. 255. ... 255. 255. 255.],120k
146,[0. 0. 0. ... 0. 0. 0.],[0. 0. 0. ... 0. 0. 0.],[0. 0. 0. ... 0. 0. 0.],[0. 0. 0. ... 0. 0. 0.],[0. 0. 0. ... 0. 0. 0.],[0. 0. 0. ... 0. 0. 0.],[0. 0. 0. ... 0. 0. 0.],[0. 0. 0. ... 0. 0. 0.],[0. 0. 0. ... 0. 0. 0.],[0. 0. 0. ... 0. 0. 0.],[0. 0. 0. ... 0. 0. 0.],[  0.   0.   0. ... 255. 255. 255.],470k
147,[0. 0. 0. ... 0. 0. 0.],[0. 0. 0. ... 0. 0. 0.],[0. 0. 0. ... 0. 0. 0.],[0. 0. 0. ... 0. 0. 0.],[0. 0. 0. ... 0. 0. 0.],[0. 0. 0. ... 0. 0. 0.],[0. 0. 0. ... 0. 0. 0.],[0. 0. 0. ... 0. 0. 0.],[0. 0. 0. ... 0. 0. 0.],[0. 0. 0. ... 0. 0. 0.],[0. 0. 0. ... 0. 0. 0.],[0. 0. 0. ... 0. 0. 0.],220k
148,[255. 255. 255. ... 255. 255. 255.],[0. 0. 0. ... 0. 0. 0.],[0. 0. 0. ... 0. 0. 0.],[0. 0. 0. ... 0. 0. 0.],[0. 0. 0. ... 0. 0. 0.],[0. 0. 0. ... 0. 0. 0.],[0. 0. 0. ... 0. 0. 0.],[0. 0. 0. ... 0. 0. 0.],[0. 0. 0. ... 0. 0. 0.],[0. 0. 0. ... 0. 0. 0.],[255. 255. 255. ... 255. 255. 255.],[0. 0. 0. ... 0. 0. 0.],180k
149,[255. 255. 255. ... 255. 255. 255.],[0. 0. 0. ... 0. 0. 0.],[0. 0. 0. ... 0. 0. 0.],[0. 0. 0. ... 0. 0. 0.],[0. 0. 0. ... 0. 0. 0.],[0. 0. 0. ... 0. 0. 0.],[0. 0. 0. ... 0. 0. 0.],[0. 0. 0. ... 0. 0. 0.],[0. 0. 0. ... 0. 0. 0.],[0. 0. 0. ... 0. 0. 0.],[255. 255. 255. ... 255. 255. 255.],[0. 0. 0. ... 0. 0. 0.],470k
150,[0. 0. 0. ... 0. 0. 0.],[0. 0. 0. ... 0. 0. 0.],[0. 0. 0. ... 0. 0. 0.],[0. 0. 0. ... 0. 0. 0.],[0. 0. 0. ... 0. 0. 0.],[0. 0. 0. ... 0. 0. 0.],[0. 0. 0. ... 0. 0. 0.],[0. 0. 0. ... 0. 0. 0.],[0. 0. 0. ... 0. 0. 0.],[0. 0. 0. ... 0. 0. 0.],[0. 0. 0. ... 0. 0. 0.],[255. 255. 255. ... 255. 255. 255.],470k
151,[255. 255. 255. ... 255. 255. 255.],[0. 0. 0. ... 0. 0. 0.],[0. 0. 0. ... 0. 0. 0.],[0. 0. 0. ... 0. 0. 0.],[0. 0. 0. ... 0. 0. 0.],[0. 0. 0. ... 0. 0. 0.],[0. 0. 0. ... 0. 0. 0.],[0. 0. 0. ... 0. 0. 0.],[0. 0. 0. ... 0. 0. 0.],[0. 0. 0. ... 0. 0. 0.],[255. 255. 255. ... 255. 255. 255.],[0. 0. 0. ... 0. 0. 0.],560k
152,[255. 255. 255. ... 255. 255. 255.],[0. 0. 0. ... 0. 0. 0.],[0. 0. 0. ... 0. 0. 0.],[0. 0. 0. ... 0. 0. 0.],[0. 0. 0. ... 0. 0. 0.],[0. 0. 0. ... 0. 0. 0.],[0. 0. 0. ... 0. 0. 0.],[0. 0. 0. ... 0. 0. 0.],[0. 0. 0. ... 0. 0. 0.],[0. 0. 0. ... 0. 0. 0.],[255. 255. 255. ... 255. 255. 255.],[0. 0. 0. ... 0. 0. 0.],100K
153,[0. 0. 0. ... 0. 0. 0.],[0. 0. 0. ... 0. 0. 0.],[0. 0. 0. ... 0. 0. 0.],[0. 0. 0. ... 0. 0. 0.],[0. 0. 0. ... 0. 0. 0.],[0. 0. 0. ... 0. 0. 0.],[0. 0. 0. ... 0. 0. 0.],[0. 0. 0. ... 0. 0. 0.],[0. 0. 0. ... 0. 0. 0.],[0. 0. 0. ... 0. 0. 0.],[0. 0. 0. ... 0. 0. 0.],[255. 255. 255. ...   0.   0.   0.],560k
154,[0. 0. 0. ... 0. 0. 0.],[0. 0. 0. ... 0. 0. 0.],[0. 0. 0. ... 0. 0. 0.],[0. 0. 0. ... 0. 0. 0.],[0. 0. 0. ... 0. 0. 0.],[0. 0. 0. ... 0. 0. 0.],[0. 0. 0. ... 0. 0. 0.],[0. 0. 0. ... 0. 0. 0.],[0. 0. 0. ... 0. 0. 0.],[0. 0. 0. ... 0. 0. 0.],[0. 0. 0. ... 0. 0. 0.],[255. 255. 255. ... 255. 255. 255.],100k
155,[255. 255. 255. ... 255. 255. 255.],[0. 0. 0. ... 0. 0. 0.],[0. 0. 0. ... 0. 0. 0.],[0. 0. 0. ... 0. 0. 0.],[0. 0. 0. ... 0. 0. 0.],[0. 0. 0. ... 0. 0. 0.],[0. 0. 0. ... 0. 0. 0.],[0. 0. 0. ... 0. 0. 0.],[0. 0. 0. ... 0. 0. 0.],[0. 0. 0. ... 0. 0. 0.],[255. 255. 255. ... 255. 255. 255.],[0. 0. 0. ... 0. 0. 0.],220k
156,[255. 255. 255. ... 255. 255. 255.],[0. 0. 0. ... 0. 0. 0.],[0. 0. 0. ... 0. 0. 0.],[0. 0. 0. ... 0. 0. 0.],[0. 0. 0. ... 0. 0. 0.],[0. 0. 0. ... 0. 0. 0.],[0. 0. 0. ... 0. 0. 0.],[0. 0. 0. ... 0. 0. 0.],[0. 0. 0. ... 0. 0. 0.],[0. 0. 0. ... 0. 0. 0.],[255. 255. 255. ... 255. 255. 255.],[0. 0. 0. ... 0. 0. 0.],820k
157,[255. 255. 255. ... 255. 255. 255.],[0. 0. 0. ... 0. 0. 0.],[0. 0. 0. ... 0. 0. 0.],[0. 0. 0. ... 0. 0. 0.],[0. 0. 0. ... 0. 0. 0.],[0. 0. 0. ... 0. 0. 0.],[0. 0. 0. ... 0. 0. 0.],[0. 0. 0. ... 0. 0. 0.],[0. 0. 0. ... 0. 0. 0.],[0. 0. 0. ... 0. 0. 0.],[255. 255. 255. ... 255. 255. 255.],[0. 0. 0. ... 0. 0. 0.],680k
158,[255. 255. 255. ... 255. 255. 255.],[0. 0. 0. ... 0. 0. 0.],[0. 0. 0. ... 0. 0. 0.],[0. 0. 0. ... 0. 0. 0.],[0. 0. 0. ... 0. 0. 0.],[0. 0. 0. ... 0. 0. 0.],[0. 0. 0. ... 0. 0. 0.],[0. 0. 0. ... 0. 0. 0.],[0. 0. 0. ... 0. 0. 0.],[0. 0. 0. ... 0. 0. 0.],[255. 255. 255. ... 255. 255. 255.],[0. 0. 0. ... 0. 0. 0.],820k
159,[0. 0. 0. ... 0. 0. 0.],[0. 0. 0. ... 0. 0. 0.],[0. 0. 0. ... 0. 0. 0.],[0. 0. 0. ... 0. 0. 0.],[0. 0. 0. ... 0. 0. 0.],[0. 0. 0. ... 0. 0. 0.],[0. 0. 0. ... 0. 0. 0.],[0. 0. 0. ... 0. 0. 0.],[0. 0. 0. ... 0. 0. 0.],[0. 0. 0. ... 0. 0. 0.],[0. 0. 0. ... 0. 0. 0.],[  0.   0.   0. ... 255. 255. 255.],470k
160,[0. 0. 0. ... 0. 0. 0.],[0. 0. 0. ... 0. 0. 0.],[0. 0. 0. ... 0. 0. 0.],[0. 0. 0. ... 0. 0. 0.],[0. 0. 0. ... 0. 0. 0.],[0. 0. 0. ... 0. 0. 0.],[0. 0. 0. ... 0. 0. 0.],[0. 0. 0. ... 0. 0. 0.],[0. 0. 0. ... 0. 0. 0.],[0. 0. 0. ... 0. 0. 0.],[0. 0. 0. ... 0. 0. 0.],[255. 255. 255. ... 255. 255. 255.],270k
161,[255. 255. 255. ... 255. 255. 255.],[0. 0. 0. ... 0. 0. 0.],[0. 0. 0. ... 0. 0. 0.],[0. 0. 0. ... 0. 0. 0.],[0. 0. 0. ... 0. 0. 0.],[0. 0. 0. ... 0. 0. 0.],[0. 0. 0. ... 0. 0. 0.],[0. 0. 0. ... 0. 0. 0.],[0. 0. 0. ... 0. 0. 0.],[0. 0. 0. ... 0. 0. 0.],[255. 255. 255. ... 255. 255. 255.],[0. 0. 0. ... 0. 0. 0.],180k
162,[0. 0. 0. ... 0. 0. 0.],[0. 0. 0. ... 0. 0. 0.],[0. 0. 0. ... 0. 0. 0.],[0. 0. 0. ... 0. 0. 0.],[0. 0. 0. ... 0. 0. 0.],[0. 0. 0. ... 0. 0. 0.],[0. 0. 0. ... 0. 0. 0.],[0. 0. 0. ... 0. 0. 0.],[0. 0. 0. ... 0. 0. 0.],[0. 0. 0. ... 0. 0. 0.],[0. 0. 0. ... 0. 0. 0.],[255. 255. 255. ... 255. 255. 255.],100K
163,[255. 255. 255. ... 255. 255. 255.],[0. 0. 0. ... 0. 0. 0.],[0. 0. 0. ... 0. 0. 0.],[0. 0. 0. ... 0. 0. 0.],[0. 0. 0. ... 0. 0. 0.],[0. 0. 0. ... 0. 0. 0.],[0. 0. 0. ... 0. 0. 0.],[0. 0. 0. ... 0. 0. 0.],[0. 0. 0. ... 0. 0. 0.],[0. 0. 0. ... 0. 0. 0.],[255. 255. 255. ... 255. 255. 255.],[0. 0. 0. ... 0. 0. 0.],180k
164,[255. 255. 255. ... 255. 255. 255.],[0. 0. 0. ... 0. 0. 0.],[0. 0. 0. ... 0. 0. 0.],[0. 0. 0. ... 0. 0. 0.],[0. 0. 0. ... 0. 0. 0.],[0. 0. 0. ... 0. 0. 0.],[0. 0. 0. ... 0. 0. 0.],[0. 0. 0. ... 0. 0. 0.],[0. 0. 0. ... 0. 0. 0.],[0. 0. 0. ... 0. 0. 0.],[255. 255. 255. ... 255. 255. 255.],[0. 0. 0. ... 0. 0. 0.],820k
165,[0. 0. 0. ... 0. 0. 0.],[0. 0. 0. ... 0. 0. 0.],[0. 0. 0. ... 0. 0. 0.],[0. 0. 0. ... 0. 0. 0.],[0. 0. 0. ... 0. 0. 0.],[0. 0. 0. ... 0. 0. 0.],[0. 0. 0. ... 0. 0. 0.],[0. 0. 0. ... 0. 0. 0.],[0. 0. 0. ... 0. 0. 0.],[0. 0. 0. ... 0. 0. 0.],[0. 0. 0. ... 0. 0. 0.],[255. 255. 255. ...   0.   0.   0.],150k
166,[255. 255. 255. ... 255. 255. 255.],[0. 0. 0. ... 0. 0. 0.],[0. 0. 0. ... 0. 0. 0.],[0. 0. 0. ... 0. 0. 0.],[0. 0. 0. ... 0. 0. 0.],[0. 0. 0. ... 0. 0. 0.],[0. 0. 0. ... 0. 0. 0.],[0. 0. 0. ... 0. 0. 0.],[0. 0. 0. ... 0. 0. 0.],[0. 0. 0. ... 0. 0. 0.],[255. 255. 255. ... 255. 255. 255.],[0. 0. 0. ... 0. 0. 0.],120k
167,[0. 0. 0. ... 0. 0. 0.],[0. 0. 0. ... 0. 0. 0.],[0. 0. 0. ... 0. 0. 0.],[0. 0. 0. ... 0. 0. 0.],[0. 0. 0. ... 0. 0. 0.],[0. 0. 0. ... 0. 0. 0.],[0. 0. 0. ... 0. 0. 0.],[0. 0. 0. ... 0. 0. 0.],[0. 0. 0. ... 0. 0. 0.],[0. 0. 0. ... 0. 0. 0.],[0. 0. 0. ... 0. 0. 0.],[0. 0. 0. ... 0. 0. 0.],180k
168,[255. 255. 255. ... 255. 255. 255.],[0. 0. 0. ... 0. 0. 0.],[0. 0. 0. ... 0. 0. 0.],[0. 0. 0. ... 0. 0. 0.],[0. 0. 0. ... 0. 0. 0.],[0. 0. 0. ... 0. 0. 0.],[0. 0. 0. ... 0. 0. 0.],[0. 0. 0. ... 0. 0. 0.],[0. 0. 0. ... 0. 0. 0.],[0. 0. 0. ... 0. 0. 0.],[255. 255. 255. ... 255. 255. 255.],[0. 0. 0. ... 0. 0. 0.],820k
169,[255. 255. 255. ... 255. 255. 255.],[0. 0. 0. ... 0. 0. 0.],[0. 0. 0. ... 0. 0. 0.],[0. 0. 0. ... 0. 0. 0.],[0. 0. 0. ... 0. 0. 0.],[0. 0. 0. ... 0. 0. 0.],[0. 0. 0. ... 0. 0. 0.],[0. 0. 0. ... 0. 0. 0.],[0. 0. 0. ... 0. 0. 0.],[0. 0. 0. ... 0. 0. 0.],[255. 255. 255. ... 255. 255. 255.],[0. 0. 0. ... 0. 0. 0.],680k
170,[255. 255. 255. ... 255. 255. 255.],[0. 0. 0. ... 0. 0. 0.],[0. 0. 0. ... 0. 0. 0.],[0. 0. 0. ... 0. 0. 0.],[0. 0. 0. ... 0. 0. 0.],[0. 0. 0. ... 0. 0. 0.],[0. 0. 0. ... 0. 0. 0.],[0. 0. 0. ... 0. 0. 0.],[0. 0. 0. ... 0. 0. 0.],[0. 0. 0. ... 0. 0. 0.],[255. 255. 255. ... 255. 255. 255.],[0. 0. 0. ... 0. 0. 0.],180k
171,[255. 255. 255. ... 255. 255. 255.],[0. 0. 0. ... 0. 0. 0.],[0. 0. 0. ... 0. 0. 0.],[0. 0. 0. ... 0. 0. 0.],[0. 0. 0. ... 0. 0. 0.],[0. 0. 0. ... 0. 0. 0.],[0. 0. 0. ... 0. 0. 0.],[0. 0. 0. ... 0. 0. 0.],[0. 0. 0. ... 0. 0. 0.],[0. 0. 0. ... 0. 0. 0.],[255. 255. 255. ... 255. 255. 255.],[0. 0. 0. ... 0. 0. 0.],470k
172,[255. 255. 255. ... 255. 255. 255.],[0. 0. 0. ... 0. 0. 0.],[0. 0. 0. ... 0. 0. 0.],[0. 0. 0. ... 0. 0. 0.],[0. 0. 0. ... 0. 0. 0.],[0. 0. 0. ... 0. 0. 0.],[0. 0. 0. ... 0. 0. 0.],[0. 0. 0. ... 0. 0. 0.],[0. 0. 0. ... 0. 0. 0.],[0. 0. 0. ... 0. 0. 0.],[255. 255. 255. ... 255. 255. 255.],[0. 0. 0. ... 0. 0. 0.],330k
173,[255. 255. 255. ... 255. 255. 255.],[0. 0. 0. ... 0. 0. 0.],[0. 0. 0. ... 0. 0. 0.],[0. 0. 0. ... 0. 0. 0.],[0. 0. 0. ... 0. 0. 0.],[0. 0. 0. ... 0. 0. 0.],[0. 0. 0. ... 0. 0. 0.],[0. 0. 0. ... 0. 0. 0.],[0. 0. 0. ... 0. 0. 0.],[0. 0. 0. ... 0. 0. 0.],[255. 255. 255. ... 255. 255. 255.],[0. 0. 0. ... 0. 0. 0.],680k
174,[0. 0. 0. ... 0. 0. 0.],[0. 0. 0. ... 0. 0. 0.],[0. 0. 0. ... 0. 0. 0.],[0. 0. 0. ... 0. 0. 0.],[0. 0. 0. ... 0. 0. 0.],[0. 0. 0. ... 0. 0. 0.],[0. 0. 0. ... 0. 0. 0.],[0. 0. 0. ... 0. 0. 0.],[0. 0. 0. ... 0. 0. 0.],[0. 0. 0. ... 0. 0. 0.],[0. 0. 0. ... 0. 0. 0.],[255. 255. 255. ... 255.   0.   0.],180k
175,[0. 0. 0. ... 0. 0. 0.],[0. 0. 0. ... 0. 0. 0.],[0. 0. 0. ... 0. 0. 0.],[0. 0. 0. ... 0. 0. 0.],[0. 0. 0. ... 0. 0. 0.],[0. 0. 0. ... 0. 0. 0.],[0. 0. 0. ... 0. 0. 0.],[0. 0. 0. ... 0. 0. 0.],[0. 0. 0. ... 0. 0. 0.],[0. 0. 0. ... 0. 0. 0.],[0. 0. 0. ... 0. 0. 0.],[  0.   0.   0. ... 255. 255. 255.],270k
176,[0. 0. 0. ... 0. 0. 0.],[0. 0. 0. ... 0. 0. 0.],[0. 0. 0. ... 0. 0. 0.],[0. 0. 0. ... 0. 0. 0.],[0. 0. 0. ... 0. 0. 0.],[0. 0. 0. ... 0. 0. 0.],[0. 0. 0. ... 0. 0. 0.],[0. 0. 0. ... 0. 0. 0.],[0. 0. 0. ... 0. 0. 0.],[0. 0. 0. ... 0. 0. 0.],[0. 0. 0. ... 0. 0. 0.],[255. 255. 255. ... 255. 255. 255.],270k
177,[0. 0. 0. ... 0. 0. 0.],[0. 0. 0. ... 0. 0. 0.],[0. 0. 0. ... 0. 0. 0.],[0. 0. 0. ... 0. 0. 0.],[0. 0. 0. ... 0. 0. 0.],[0. 0. 0. ... 0. 0. 0.],[0. 0. 0. ... 0. 0. 0.],[0. 0. 0. ... 0. 0. 0.],[0. 0. 0. ... 0. 0. 0.],[0. 0. 0. ... 0. 0. 0.],[0. 0. 0. ... 0. 0. 0.],[  0.   0.   0. ... 255. 255. 255.],820k
178,[255. 255. 255. ... 255. 255. 255.],[0. 0. 0. ... 0. 0. 0.],[0. 0. 0. ... 0. 0. 0.],[0. 0. 0. ... 0. 0. 0.],[0. 0. 0. ... 0. 0. 0.],[0. 0. 0. ... 0. 0. 0.],[0. 0. 0. ... 0. 0. 0.],[0. 0. 0. ... 0. 0. 0.],[0. 0. 0. ... 0. 0. 0.],[0. 0. 0. ... 0. 0. 0.],[255. 255. 255. ... 255. 255. 255.],[0. 0. 0. ... 0. 0. 0.],100k
179,[0. 0. 0. ... 0. 0. 0.],[0. 0. 0. ... 0. 0. 0.],[0. 0. 0. ... 0. 0. 0.],[0. 0. 0. ... 0. 0. 0.],[0. 0. 0. ... 0. 0. 0.],[0. 0. 0. ... 0. 0. 0.],[0. 0. 0. ... 0. 0. 0.],[0. 0. 0. ... 0. 0. 0.],[0. 0. 0. ... 0. 0. 0.],[0. 0. 0. ... 0. 0. 0.],[0. 0. 0. ... 0. 0. 0.],[255. 255. 255. ... 255. 255. 255.],390k
180,[255. 255. 255. ... 255. 255. 255.],[0. 0. 0. ... 0. 0. 0.],[0. 0. 0. ... 0. 0. 0.],[0. 0. 0. ... 0. 0. 0.],[0. 0. 0. ... 0. 0. 0.],[0. 0. 0. ... 0. 0. 0.],[0. 0. 0. ... 0. 0. 0.],[0. 0. 0. ... 0. 0. 0.],[0. 0. 0. ... 0. 0. 0.],[0. 0. 0. ... 0. 0. 0.],[255. 255. 255. ... 255. 255. 255.],[0. 0. 0. ... 0. 0. 0.],820k
181,[255. 255. 255. ... 255. 255. 255.],[0. 0. 0. ... 0. 0. 0.],[0. 0. 0. ... 0. 0. 0.],[0. 0. 0. ... 0. 0. 0.],[0. 0. 0. ... 0. 0. 0.],[0. 0. 0. ... 0. 0. 0.],[0. 0. 0. ... 0. 0. 0.],[0. 0. 0. ... 0. 0. 0.],[0. 0. 0. ... 0. 0. 0.],[0. 0. 0. ... 0. 0. 0.],[255. 255. 255. ... 255. 255. 255.],[0. 0. 0. ... 0. 0. 0.],390k
182,[255. 255. 255. ... 255. 255. 255.],[0. 0. 0. ... 0. 0. 0.],[0. 0. 0. ... 0. 0. 0.],[0. 0. 0. ... 0. 0. 0.],[0. 0. 0. ... 0. 0. 0.],[0. 0. 0. ... 0. 0. 0.],[0. 0. 0. ... 0. 0. 0.],[0. 0. 0. ... 0. 0. 0.],[0. 0. 0. ... 0. 0. 0.],[0. 0. 0. ... 0. 0. 0.],[255. 255. 255. ... 255. 255. 255.],[0. 0. 0. ... 0. 0. 0.],270k
183,[255. 255. 255. ... 255. 255. 255.],[0. 0. 0. ... 0. 0. 0.],[0. 0. 0. ... 0. 0. 0.],[0. 0. 0. ... 0. 0. 0.],[0. 0. 0. ... 0. 0. 0.],[0. 0. 0. ... 0. 0. 0.],[0. 0. 0. ... 0. 0. 0.],[0. 0. 0. ... 0. 0. 0.],[0. 0. 0. ... 0. 0. 0.],[0. 0. 0. ... 0. 0. 0.],[255. 255. 255. ... 255. 255. 255.],[0. 0. 0. ... 0. 0. 0.],820k
184,[255. 255. 255. ... 255. 255. 255.],[0. 0. 0. ... 0. 0. 0.],[0. 0. 0. ... 0. 0. 0.],[0. 0. 0. ... 0. 0. 0.],[0. 0. 0. ... 0. 0. 0.],[0. 0. 0. ... 0. 0. 0.],[0. 0. 0. ... 0. 0. 0.],[0. 0. 0. ... 0. 0. 0.],[0. 0. 0. ... 0. 0. 0.],[0. 0. 0. ... 0. 0. 0.],[255. 255. 255. ... 255. 255. 255.],[0. 0. 0. ... 0. 0. 0.],150k
185,[255. 255. 255. ... 255. 255. 255.],[0. 0. 0. ... 0. 0. 0.],[0. 0. 0. ... 0. 0. 0.],[0. 0. 0. ... 0. 0. 0.],[0. 0. 0. ... 0. 0. 0.],[0. 0. 0. ... 0. 0. 0.],[0. 0. 0. ... 0. 0. 0.],[0. 0. 0. ... 0. 0. 0.],[0. 0. 0. ... 0. 0. 0.],[0. 0. 0. ... 0. 0. 0.],[255. 255. 255. ... 255. 255. 255.],[0. 0. 0. ... 0. 0. 0.],150k
186,[255. 255. 255. ... 255. 255. 255.],[0. 0. 0. ... 0. 0. 0.],[0. 0. 0. ... 0. 0. 0.],[0. 0. 0. ... 0. 0. 0.],[0. 0. 0. ... 0. 0. 0.],[0. 0. 0. ... 0. 0. 0.],[0. 0. 0. ... 0. 0. 0.],[0. 0. 0. ... 0. 0. 0.],[0. 0. 0. ... 0. 0. 0.],[0. 0. 0. ... 0. 0. 0.],[255. 255. 255. ... 255. 255. 255.],[0. 0. 0. ... 0. 0. 0.],220k
187,[0. 0. 0. ... 0. 0. 0.],[0. 0. 0. ... 0. 0. 0.],[0. 0. 0. ... 0. 0. 0.],[0. 0. 0. ... 0. 0. 0.],[0. 0. 0. ... 0. 0. 0.],[0. 0. 0. ... 0. 0. 0.],[0. 0. 0. ... 0. 0. 0.],[0. 0. 0. ... 0. 0. 0.],[0. 0. 0. ... 0. 0. 0.],[0. 0. 0. ... 0. 0. 0.],[0. 0. 0. ... 0. 0. 0.],[255. 255. 255. ... 255. 255. 255.],100k
188,[0. 0. 0. ... 0. 0. 0.],[0. 0. 0. ... 0. 0. 0.],[0. 0. 0. ... 0. 0. 0.],[0. 0. 0. ... 0. 0. 0.],[0. 0. 0. ... 0. 0. 0.],[0. 0. 0. ... 0. 0. 0.],[0. 0. 0. ... 0. 0. 0.],[0. 0. 0. ... 0. 0. 0.],[0. 0. 0. ... 0. 0. 0.],[0. 0. 0. ... 0. 0. 0.],[0. 0. 0. ... 0. 0. 0.],[  0.   0.   0. ... 255. 255. 255.],150k
189,[0. 0. 0. ... 0. 0. 0.],[0. 0. 0. ... 0. 0. 0.],[0. 0. 0. ... 0. 0. 0.],[0. 0. 0. ... 0. 0. 0.],[0. 0. 0. ... 0. 0. 0.],[0. 0. 0. ... 0. 0. 0.],[0. 0. 0. ... 0. 0. 0.],[0. 0. 0. ... 0. 0. 0.],[0. 0. 0. ... 0. 0. 0.],[0. 0. 0. ... 0. 0. 0.],[0. 0. 0. ... 0. 0. 0.],[  0.   0.   0. ... 255. 255. 255.],220k
190,[255. 255. 255. ... 255. 255. 255.],[0. 0. 0. ... 0. 0. 0.],[0. 0. 0. ... 0. 0. 0.],[0. 0. 0. ... 0. 0. 0.],[0. 0. 0. ... 0. 0. 0.],[0. 0. 0. ... 0. 0. 0.],[0. 0. 0. ... 0. 0. 0.],[0. 0. 0. ... 0. 0. 0.],[0. 0. 0. ... 0. 0. 0.],[0. 0. 0. ... 0. 0. 0.],[255. 255. 255. ... 255. 255. 255.],[0. 0. 0. ... 0. 0. 0.],390k
191,[0. 0. 0. ... 0. 0. 0.],[0. 0. 0. ... 0. 0. 0.],[0. 0. 0. ... 0. 0. 0.],[0. 0. 0. ... 0. 0. 0.],[0. 0. 0. ... 0. 0. 0.],[0. 0. 0. ... 0. 0. 0.],[0. 0. 0. ... 0. 0. 0.],[0. 0. 0. ... 0. 0. 0.],[0. 0. 0. ... 0. 0. 0.],[0. 0. 0. ... 0. 0. 0.],[0. 0. 0. ... 0. 0. 0.],[255. 255. 255. ... 255. 255. 255.],390k
192,[0. 0. 0. ... 0. 0. 0.],[0. 0. 0. ... 0. 0. 0.],[0. 0. 0. ... 0. 0. 0.],[0. 0. 0. ... 0. 0. 0.],[0. 0. 0. ... 0. 0. 0.],[0. 0. 0. ... 0. 0. 0.],[0. 0. 0. ... 0. 0. 0.],[0. 0. 0. ... 0. 0. 0.],[0. 0. 0. ... 0. 0. 0.],[0. 0. 0. ... 0. 0. 0.],[0. 0. 0. ... 0. 0. 0.],[255. 255. 255. ... 255. 255. 255.],680k
193,[0. 0. 0. ... 0. 0. 0.],[0. 0. 0. ... 0. 0. 0.],[0. 0. 0. ... 0. 0. 0.],[0. 0. 0. ... 0. 0. 0.],[0. 0. 0. ... 0. 0. 0.],[0. 0. 0. ... 0. 0. 0.],[0. 0. 0. ... 0. 0. 0.],[0. 0. 0. ... 0. 0. 0.],[0. 0. 0. ... 0. 0. 0.],[0. 0. 0. ... 0. 0. 0.],[0. 0. 0. ... 0. 0. 0.],[255. 255. 255. ... 255. 255. 255.],100K
194,[0. 0. 0. ... 0. 0. 0.],[0. 0. 0. ... 0. 0. 0.],[0. 0. 0. ... 0. 0. 0.],[0. 0. 0. ... 0. 0. 0.],[0. 0. 0. ... 0. 0. 0.],[0. 0. 0. ... 0. 0. 0.],[0. 0. 0. ... 0. 0. 0.],[0. 0. 0. ... 0. 0. 0.],[0. 0. 0. ... 0. 0. 0.],[0. 0. 0. ... 0. 0. 0.],[0. 0. 0. ... 0. 0. 0.],[255. 255. 255. ... 255. 255.   0.],390k
195,[255. 255. 255. ... 255. 255. 255.],[0. 0. 0. ... 0. 0. 0.],[0. 0. 0. ... 0. 0. 0.],[0. 0. 0. ... 0. 0. 0.],[0. 0. 0. ... 0. 0. 0.],[0. 0. 0. ... 0. 0. 0.],[0. 0. 0. ... 0. 0. 0.],[0. 0. 0. ... 0. 0. 0.],[0. 0. 0. ... 0. 0. 0.],[0. 0. 0. ... 0. 0. 0.],[255. 255. 255. ... 255. 255. 255.],[0. 0. 0. ... 0. 0. 0.],680k
196,[255. 255. 255. ... 255. 255. 255.],[0. 0. 0. ... 0. 0. 0.],[0. 0. 0. ... 0. 0. 0.],[0. 0. 0. ... 0. 0. 0.],[0. 0. 0. ... 0. 0. 0.],[0. 0. 0. ... 0. 0. 0.],[0. 0. 0. ... 0. 0. 0.],[0. 0. 0. ... 0. 0. 0.],[0. 0. 0. ... 0. 0. 0.],[0. 0. 0. ... 0. 0. 0.],[255. 255. 255. ... 255. 255. 255.],[0. 0. 0. ... 0. 0. 0.],180k
197,[0. 0. 0. ... 0. 0. 0.],[0. 0. 0. ... 0. 0. 0.],[0. 0. 0. ... 0. 0. 0.],[0. 0. 0. ... 0. 0. 0.],[0. 0. 0. ... 0. 0. 0.],[0. 0. 0. ... 0. 0. 0.],[0. 0. 0. ... 0. 0. 0.],[0. 0. 0. ... 0. 0. 0.],[0. 0. 0. ... 0. 0. 0.],[0. 0. 0. ... 0. 0. 0.],[0. 0. 0. ... 0. 0. 0.],[255. 255. 255. ... 255. 255. 255.],270k
198,[255. 255. 255. ... 255. 255. 255.],[0. 0. 0. ... 0. 0. 0.],[0. 0. 0. ... 0. 0. 0.],[0. 0. 0. ... 0. 0. 0.],[0. 0. 0. ... 0. 0. 0.],[0. 0. 0. ... 0. 0. 0.],[0. 0. 0. ... 0. 0. 0.],[0. 0. 0. ... 0. 0. 0.],[0. 0. 0. ... 0. 0. 0.],[0. 0. 0. ... 0. 0. 0.],[255. 255. 255. ... 255. 255. 255.],[0. 0. 0. ... 0. 0. 0.],120k
199,[0. 0. 0. ... 0. 0. 0.],[0. 0. 0. ... 0. 0. 0.],[0. 0. 0. ... 0. 0. 0.],[0. 0. 0. ... 0. 0. 0.],[0. 0. 0. ... 0. 0. 0.],[0. 0. 0. ... 0. 0. 0.],[0. 0. 0. ... 0. 0. 0.],[0. 0. 0. ... 0. 0. 0.],[0. 0. 0. ... 0. 0. 0.],[0. 0. 0. ... 0. 0. 0.],[0. 0. 0. ... 0. 0. 0.],[255. 255. 255. ...   0.   0.   0.],820k
200,[255. 255. 255. ... 255. 255. 255.],[0. 0. 0. ... 0. 0. 0.],[0. 0. 0. ... 0. 0. 0.],[0. 0. 0. ... 0. 0. 0.],[0. 0. 0. ... 0. 0. 0.],[0. 0. 0. ... 0. 0. 0.],[0. 0. 0. ... 0. 0. 0.],[0. 0. 0. ... 0. 0. 0.],[0. 0. 0. ... 0. 0. 0.],[0. 0. 0. ... 0. 0. 0.],[255. 255. 255. ... 255. 255. 255.],[0. 0. 0. ... 0. 0. 0.],120k
201,[255. 255. 255. ... 255. 255. 255.],[0. 0. 0. ... 0. 0. 0.],[0. 0. 0. ... 0. 0. 0.],[0. 0. 0. ... 0. 0. 0.],[0. 0. 0. ... 0. 0. 0.],[0. 0. 0. ... 0. 0. 0.],[0. 0. 0. ... 0. 0. 0.],[0. 0. 0. ... 0. 0. 0.],[0. 0. 0. ... 0. 0. 0.],[0. 0. 0. ... 0. 0. 0.],[255. 255. 255. ... 255. 255. 255.],[0. 0. 0. ... 0. 0. 0.],100k
202,[255. 255. 255. ... 255. 255. 255.],[0. 0. 0. ... 0. 0. 0.],[0. 0. 0. ... 0. 0. 0.],[0. 0. 0. ... 0. 0. 0.],[0. 0. 0. ... 0. 0. 0.],[0. 0. 0. ... 0. 0. 0.],[0. 0. 0. ... 0. 0. 0.],[0. 0. 0. ... 0. 0. 0.],[0. 0. 0. ... 0. 0. 0.],[0. 0. 0. ... 0. 0. 0.],[255. 255. 255. ... 255. 255. 255.],[0. 0. 0. ... 0. 0. 0.],470k
203,[255. 255. 255. ... 255. 255. 255.],[0. 0. 0. ... 0. 0. 0.],[0. 0. 0. ... 0. 0. 0.],[0. 0. 0. ... 0. 0. 0.],[0. 0. 0. ... 0. 0. 0.],[0. 0. 0. ... 0. 0. 0.],[0. 0. 0. ... 0. 0. 0.],[0. 0. 0. ... 0. 0. 0.],[0. 0. 0. ... 0. 0. 0.],[0. 0. 0. ... 0. 0. 0.],[255. 255. 255. ... 255. 255. 255.],[0. 0. 0. ... 0. 0. 0.],220k
204,[255. 255. 255. ... 255. 255. 255.],[0. 0. 0. ... 0. 0. 0.],[0. 0. 0. ... 0. 0. 0.],[0. 0. 0. ... 0. 0. 0.],[0. 0. 0. ... 0. 0. 0.],[0. 0. 0. ... 0. 0. 0.],[0. 0. 0. ... 0. 0. 0.],[0. 0. 0. ... 0. 0. 0.],[0. 0. 0. ... 0. 0. 0.],[0. 0. 0. ... 0. 0. 0.],[255. 255. 255. ... 255. 255. 255.],[0. 0. 0. ... 0. 0. 0.],390k
205,[0. 0. 0. ... 0. 0. 0.],[0. 0. 0. ... 0. 0. 0.],[0. 0. 0. ... 0. 0. 0.],[0. 0. 0. ... 0. 0. 0.],[0. 0. 0. ... 0. 0. 0.],[0. 0. 0. ... 0. 0. 0.],[0. 0. 0. ... 0. 0. 0.],[0. 0. 0. ... 0. 0. 0.],[0. 0. 0. ... 0. 0. 0.],[0. 0. 0. ... 0. 0. 0.],[0. 0. 0. ... 0. 0. 0.],[255. 255. 255. ... 255. 255. 255.],390k
206,[255. 255. 255. ... 255. 255. 255.],[0. 0. 0. ... 0. 0. 0.],[0. 0. 0. ... 0. 0. 0.],[0. 0. 0. ... 0. 0. 0.],[0. 0. 0. ... 0. 0. 0.],[0. 0. 0. ... 0. 0. 0.],[0. 0. 0. ... 0. 0. 0.],[0. 0. 0. ... 0. 0. 0.],[0. 0. 0. ... 0. 0. 0.],[0. 0. 0. ... 0. 0. 0.],[255. 255. 255. ... 255. 255. 255.],[0. 0. 0. ... 0. 0. 0.],560k
207,[0. 0. 0. ... 0. 0. 0.],[0. 0. 0. ... 0. 0. 0.],[0. 0. 0. ... 0. 0. 0.],[0. 0. 0. ... 0. 0. 0.],[0. 0. 0. ... 0. 0. 0.],[0. 0. 0. ... 0. 0. 0.],[0. 0. 0. ... 0. 0. 0.],[0. 0. 0. ... 0. 0. 0.],[0. 0. 0. ... 0. 0. 0.],[0. 0. 0. ... 0. 0. 0.],[0. 0. 0. ... 0. 0. 0.],[  0.   0.   0. ... 255. 255. 255.],270k
208,[255. 255. 255. ... 255. 255. 255.],[0. 0. 0. ... 0. 0. 0.],[0. 0. 0. ... 0. 0. 0.],[0. 0. 0. ... 0. 0. 0.],[0. 0. 0. ... 0. 0. 0.],[0. 0. 0. ... 0. 0. 0.],[0. 0. 0. ... 0. 0. 0.],[0. 0. 0. ... 0. 0. 0.],[0. 0. 0. ... 0. 0. 0.],[0. 0. 0. ... 0. 0. 0.],[255. 255. 255. ... 255. 255. 255.],[0. 0. 0. ... 0. 0. 0.],220k
209,[0. 0. 0. ... 0. 0. 0.],[0. 0. 0. ... 0. 0. 0.],[0. 0. 0. ... 0. 0. 0.],[0. 0. 0. ... 0. 0. 0.],[0. 0. 0. ... 0. 0. 0.],[0. 0. 0. ... 0. 0. 0.],[0. 0. 0. ... 0. 0. 0.],[0. 0. 0. ... 0. 0. 0.],[0. 0. 0. ... 0. 0. 0.],[0. 0. 0. ... 0. 0. 0.],[0. 0. 0. ... 0. 0. 0.],[255. 255. 255. ...   0.   0.   0.],390k
210,[0. 0. 0. ... 0. 0. 0.],[0. 0. 0. ... 0. 0. 0.],[0. 0. 0. ... 0. 0. 0.],[0. 0. 0. ... 0. 0. 0.],[0. 0. 0. ... 0. 0. 0.],[0. 0. 0. ... 0. 0. 0.],[0. 0. 0. ... 0. 0. 0.],[0. 0. 0. ... 0. 0. 0.],[0. 0. 0. ... 0. 0. 0.],[0. 0. 0. ... 0. 0. 0.],[0. 0. 0. ... 0. 0. 0.],[255. 255. 255. ... 255. 255. 255.],560k
211,[0. 0. 0. ... 0. 0. 0.],[0. 0. 0. ... 0. 0. 0.],[0. 0. 0. ... 0. 0. 0.],[0. 0. 0. ... 0. 0. 0.],[0. 0. 0. ... 0. 0. 0.],[0. 0. 0. ... 0. 0. 0.],[0. 0. 0. ... 0. 0. 0.],[0. 0. 0. ... 0. 0. 0.],[0. 0. 0. ... 0. 0. 0.],[0. 0. 0. ... 0. 0. 0.],[0. 0. 0. ... 0. 0. 0.],[255. 255. 255. ... 255. 255. 255.],100K
212,[255. 255. 255. ... 255. 255. 255.],[0. 0. 0. ... 0. 0. 0.],[0. 0. 0. ... 0. 0. 0.],[0. 0. 0. ... 0. 0. 0.],[0. 0. 0. ... 0. 0. 0.],[0. 0. 0. ... 0. 0. 0.],[0. 0. 0. ... 0. 0. 0.],[0. 0. 0. ... 0. 0. 0.],[0. 0. 0. ... 0. 0. 0.],[0. 0. 0. ... 0. 0. 0.],[255. 255. 255. ... 255. 255. 255.],[0. 0. 0. ... 0. 0. 0.],330k
213,[0. 0. 0. ... 0. 0. 0.],[0. 0. 0. ... 0. 0. 0.],[0. 0. 0. ... 0. 0. 0.],[0. 0. 0. ... 0. 0. 0.],[0. 0. 0. ... 0. 0. 0.],[0. 0. 0. ... 0. 0. 0.],[0. 0. 0. ... 0. 0. 0.],[0. 0. 0. ... 0. 0. 0.],[0. 0. 0. ... 0. 0. 0.],[0. 0. 0. ... 0. 0. 0.],[0. 0. 0. ... 0. 0. 0.],[255. 255. 255. ...   0.   0.   0.],150k
214,[255. 255. 255. ... 255. 255. 255.],[0. 0. 0. ... 0. 0. 0.],[0. 0. 0. ... 0. 0. 0.],[0. 0. 0. ... 0. 0. 0.],[0. 0. 0. ... 0. 0. 0.],[0. 0. 0. ... 0. 0. 0.],[0. 0. 0. ... 0. 0. 0.],[0. 0. 0. ... 0. 0. 0.],[0. 0. 0. ... 0. 0. 0.],[0. 0. 0. ... 0. 0. 0.],[255. 255. 255. ... 255. 255. 255.],[0. 0. 0. ... 0. 0. 0.],180k
215,[0. 0. 0. ... 0. 0. 0.],[0. 0. 0. ... 0. 0. 0.],[0. 0. 0. ... 0. 0. 0.],[0. 0. 0. ... 0. 0. 0.],[0. 0. 0. ... 0. 0. 0.],[0. 0. 0. ... 0. 0. 0.],[0. 0. 0. ... 0. 0. 0.],[0. 0. 0. ... 0. 0. 0.],[0. 0. 0. ... 0. 0. 0.],[0. 0. 0. ... 0. 0. 0.],[0. 0. 0. ... 0. 0. 0.],[  0.   0. 255. ... 255. 255. 255.],150k
216,[0. 0. 0. ... 0. 0. 0.],[0. 0. 0. ... 0. 0. 0.],[0. 0. 0. ... 0. 0. 0.],[0. 0. 0. ... 0. 0. 0.],[0. 0. 0. ... 0. 0. 0.],[0. 0. 0. ... 0. 0. 0.],[0. 0. 0. ... 0. 0. 0.],[0. 0. 0. ... 0. 0. 0.],[0. 0. 0. ... 0. 0. 0.],[0. 0. 0. ... 0. 0. 0.],[0. 0. 0. ... 0. 0. 0.],[  0.   0. 255. ... 255. 255. 255.],180k
217,[0. 0. 0. ... 0. 0. 0.],[0. 0. 0. ... 0. 0. 0.],[0. 0. 0. ... 0. 0. 0.],[0. 0. 0. ... 0. 0. 0.],[0. 0. 0. ... 0. 0. 0.],[0. 0. 0. ... 0. 0. 0.],[0. 0. 0. ... 0. 0. 0.],[0. 0. 0. ... 0. 0. 0.],[0. 0. 0. ... 0. 0. 0.],[0. 0. 0. ... 0. 0. 0.],[0. 0. 0. ... 0. 0. 0.],[  0. 255. 255. ... 255. 255. 255.],120k
218,[0. 0. 0. ... 0. 0. 0.],[0. 0. 0. ... 0. 0. 0.],[0. 0. 0. ... 0. 0. 0.],[0. 0. 0. ... 0. 0. 0.],[0. 0. 0. ... 0. 0. 0.],[0. 0. 0. ... 0. 0. 0.],[0. 0. 0. ... 0. 0. 0.],[0. 0. 0. ... 0. 0. 0.],[0. 0. 0. ... 0. 0. 0.],[0. 0. 0. ... 0. 0. 0.],[0. 0. 0. ... 0. 0. 0.],[255. 255. 255. ...   0.   0.   0.],220k
219,[255. 255. 255. ... 255. 255. 255.],[0. 0. 0. ... 0. 0. 0.],[0. 0. 0. ... 0. 0. 0.],[0. 0. 0. ... 0. 0. 0.],[0. 0. 0. ... 0. 0. 0.],[0. 0. 0. ... 0. 0. 0.],[0. 0. 0. ... 0. 0. 0.],[0. 0. 0. ... 0. 0. 0.],[0. 0. 0. ... 0. 0. 0.],[0. 0. 0. ... 0. 0. 0.],[255. 255. 255. ... 255. 255. 255.],[0. 0. 0. ... 0. 0. 0.],100K
220,[0. 0. 0. ... 0. 0. 0.],[0. 0. 0. ... 0. 0. 0.],[0. 0. 0. ... 0. 0. 0.],[0. 0. 0. ... 0. 0. 0.],[0. 0. 0. ... 0. 0. 0.],[0. 0. 0. ... 0. 0. 0.],[0. 0. 0. ... 0. 0. 0.],[0. 0. 0. ... 0. 0. 0.],[0. 0. 0. ... 0. 0. 0.],[0. 0. 0. ... 0. 0. 0.],[0. 0. 0. ... 0. 0. 0.],[255. 255. 255. ... 255. 255. 255.],470k
221,[0. 0. 0. ... 0. 0. 0.],[0. 0. 0. ... 0. 0. 0.],[0. 0. 0. ... 0. 0. 0.],[0. 0. 0. ... 0. 0. 0.],[0. 0. 0. ... 0. 0. 0.],[0. 0. 0. ... 0. 0. 0.],[0. 0. 0. ... 0. 0. 0.],[0. 0. 0. ... 0. 0. 0.],[0. 0. 0. ... 0. 0. 0.],[0. 0. 0. ... 0. 0. 0.],[0. 0. 0. ... 0. 0. 0.],[255. 255. 255. ... 255. 255. 255.],560k
222,[255. 255. 255. ... 255. 255. 255.],[0. 0. 0. ... 0. 0. 0.],[0. 0. 0. ... 0. 0. 0.],[0. 0. 0. ... 0. 0. 0.],[0. 0. 0. ... 0. 0. 0.],[0. 0. 0. ... 0. 0. 0.],[0. 0. 0. ... 0. 0. 0.],[0. 0. 0. ... 0. 0. 0.],[0. 0. 0. ... 0. 0. 0.],[0. 0. 0. ... 0. 0. 0.],[255. 255. 255. ... 255. 255. 255.],[0. 0. 0. ... 0. 0. 0.],680k
223,[0. 0. 0. ... 0. 0. 0.],[0. 0. 0. ... 0. 0. 0.],[0. 0. 0. ... 0. 0. 0.],[0. 0. 0. ... 0. 0. 0.],[0. 0. 0. ... 0. 0. 0.],[0. 0. 0. ... 0. 0. 0.],[0. 0. 0. ... 0. 0. 0.],[0. 0. 0. ... 0. 0. 0.],[0. 0. 0. ... 0. 0. 0.],[0. 0. 0. ... 0. 0. 0.],[0. 0. 0. ... 0. 0. 0.],[  0.   0.   0. ... 255. 255.   0.],180k
224,[255. 255. 255. ... 255. 255. 255.],[0. 0. 0. ... 0. 0. 0.],[0. 0. 0. ... 0. 0. 0.],[0. 0. 0. ... 0. 0. 0.],[0. 0. 0. ... 0. 0. 0.],[0. 0. 0. ... 0. 0. 0.],[0. 0. 0. ... 0. 0. 0.],[0. 0. 0. ... 0. 0. 0.],[0. 0. 0. ... 0. 0. 0.],[0. 0. 0. ... 0. 0. 0.],[255. 255. 255. ... 255. 255. 255.],[0. 0. 0. ... 0. 0. 0.],560k
225,[255. 255. 255. ... 255. 255. 255.],[0. 0. 0. ... 0. 0. 0.],[0. 0. 0. ... 0. 0. 0.],[0. 0. 0. ... 0. 0. 0.],[0. 0. 0. ... 0. 0. 0.],[0. 0. 0. ... 0. 0. 0.],[0. 0. 0. ... 0. 0. 0.],[0. 0. 0. ... 0. 0. 0.],[0. 0. 0. ... 0. 0. 0.],[0. 0. 0. ... 0. 0. 0.],[255. 255. 255. ... 255. 255. 255.],[0. 0. 0. ... 0. 0. 0.],100k
226,[255. 255. 255. ... 255. 255. 255.],[0. 0. 0. ... 0. 0. 0.],[0. 0. 0. ... 0. 0. 0.],[0. 0. 0. ... 0. 0. 0.],[0. 0. 0. ... 0. 0. 0.],[0. 0. 0. ... 0. 0. 0.],[0. 0. 0. ... 0. 0. 0.],[0. 0. 0. ... 0. 0. 0.],[0. 0. 0. ... 0. 0. 0.],[0. 0. 0. ... 0. 0. 0.],[255. 255. 255. ... 255. 255. 255.],[0. 0. 0. ... 0. 0. 0.],150k
227,[255. 255. 255. ... 255. 255. 255.],[0. 0. 0. ... 0. 0. 0.],[0. 0. 0. ... 0. 0. 0.],[0. 0. 0. ... 0. 0. 0.],[0. 0. 0. ... 0. 0. 0.],[0. 0. 0. ... 0. 0. 0.],[0. 0. 0. ... 0. 0. 0.],[0. 0. 0. ... 0. 0. 0.],[0. 0. 0. ... 0. 0. 0.],[0. 0. 0. ... 0. 0. 0.],[255. 255. 255. ... 255. 255. 255.],[0. 0. 0. ... 0. 0. 0.],330k
228,[255. 255. 255. ... 255. 255. 255.],[0. 0. 0. ... 0. 0. 0.],[0. 0. 0. ... 0. 0. 0.],[0. 0. 0. ... 0. 0. 0.],[0. 0. 0. ... 0. 0. 0.],[0. 0. 0. ... 0. 0. 0.],[0. 0. 0. ... 0. 0. 0.],[0. 0. 0. ... 0. 0. 0.],[0. 0. 0. ... 0. 0. 0.],[0. 0. 0. ... 0. 0. 0.],[255. 255. 255. ... 255. 255. 255.],[0. 0. 0. ... 0. 0. 0.],330k
229,[0. 0. 0. ... 0. 0. 0.],[0. 0. 0. ... 0. 0. 0.],[0. 0. 0. ... 0. 0. 0.],[0. 0. 0. ... 0. 0. 0.],[0. 0. 0. ... 0. 0. 0.],[0. 0. 0. ... 0. 0. 0.],[0. 0. 0. ... 0. 0. 0.],[0. 0. 0. ... 0. 0. 0.],[0. 0. 0. ... 0. 0. 0.],[0. 0. 0. ... 0. 0. 0.],[0. 0. 0. ... 0. 0. 0.],[255. 255. 255. ... 255. 255. 255.],120k
230,[255. 255. 255. ... 255. 255. 255.],[0. 0. 0. ... 0. 0. 0.],[0. 0. 0. ... 0. 0. 0.],[0. 0. 0. ... 0. 0. 0.],[0. 0. 0. ... 0. 0. 0.],[0. 0. 0. ... 0. 0. 0.],[0. 0. 0. ... 0. 0. 0.],[0. 0. 0. ... 0. 0. 0.],[0. 0. 0. ... 0. 0. 0.],[0. 0. 0. ... 0. 0. 0.],[255. 255. 255. ... 255. 255. 255.],[0. 0. 0. ... 0. 0. 0.],680k
231,[0. 0. 0. ... 0. 0. 0.],[0. 0. 0. ... 0. 0. 0.],[0. 0. 0. ... 0. 0. 0.],[0. 0. 0. ... 0. 0. 0.],[0. 0. 0. ... 0. 0. 0.],[0. 0. 0. ... 0. 0. 0.],[0. 0. 0. ... 0. 0. 0.],[0. 0. 0. ... 0. 0. 0.],[0. 0. 0. ... 0. 0. 0.],[0. 0. 0. ... 0. 0. 0.],[0. 0. 0. ... 0. 0. 0.],[255. 255. 255. ... 255. 255. 255.],680k
232,[0. 0. 0. ... 0. 0. 0.],[0. 0. 0. ... 0. 0. 0.],[0. 0. 0. ... 0. 0. 0.],[0. 0. 0. ... 0. 0. 0.],[0. 0. 0. ... 0. 0. 0.],[0. 0. 0. ... 0. 0. 0.],[0. 0. 0. ... 0. 0. 0.],[0. 0. 0. ... 0. 0. 0.],[0. 0. 0. ... 0. 0. 0.],[0. 0. 0. ... 0. 0. 0.],[0. 0. 0. ... 0. 0. 0.],[255. 255. 255. ...   0.   0.   0.],220k
233,[255. 255. 255. ... 255. 255. 255.],[0. 0. 0. ... 0. 0. 0.],[0. 0. 0. ... 0. 0. 0.],[0. 0. 0. ... 0. 0. 0.],[0. 0. 0. ... 0. 0. 0.],[0. 0. 0. ... 0. 0. 0.],[0. 0. 0. ... 0. 0. 0.],[0. 0. 0. ... 0. 0. 0.],[0. 0. 0. ... 0. 0. 0.],[0. 0. 0. ... 0. 0. 0.],[255. 255. 255. ... 255. 255. 255.],[0. 0. 0. ... 0. 0. 0.],390k
234,[255. 255. 255. ... 255. 255. 255.],[0. 0. 0. ... 0. 0. 0.],[0. 0. 0. ... 0. 0. 0.],[0. 0. 0. ... 0. 0. 0.],[0. 0. 0. ... 0. 0. 0.],[0. 0. 0. ... 0. 0. 0.],[0. 0. 0. ... 0. 0. 0.],[0. 0. 0. ... 0. 0. 0.],[0. 0. 0. ... 0. 0. 0.],[0. 0. 0. ... 0. 0. 0.],[255. 255. 255. ... 255. 255. 255.],[0. 0. 0. ... 0. 0. 0.],390k
235,[255. 255. 255. ... 255. 255. 255.],[0. 0. 0. ... 0. 0. 0.],[0. 0. 0. ... 0. 0. 0.],[0. 0. 0. ... 0. 0. 0.],[0. 0. 0. ... 0. 0. 0.],[0. 0. 0. ... 0. 0. 0.],[0. 0. 0. ... 0. 0. 0.],[0. 0. 0. ... 0. 0. 0.],[0. 0. 0. ... 0. 0. 0.],[0. 0. 0. ... 0. 0. 0.],[255. 255. 255. ... 255. 255. 255.],[0. 0. 0. ... 0. 0. 0.],150k
236,[255. 255. 255. ... 255. 255. 255.],[0. 0. 0. ... 0. 0. 0.],[0. 0. 0. ... 0. 0. 0.],[0. 0. 0. ... 0. 0. 0.],[0. 0. 0. ... 0. 0. 0.],[0. 0. 0. ... 0. 0. 0.],[0. 0. 0. ... 0. 0. 0.],[0. 0. 0. ... 0. 0. 0.],[0. 0. 0. ... 0. 0. 0.],[0. 0. 0. ... 0. 0. 0.],[255. 255. 255. ... 255. 255. 255.],[0. 0. 0. ... 0. 0. 0.],180k
237,[0. 0. 0. ... 0. 0. 0.],[0. 0. 0. ... 0. 0. 0.],[0. 0. 0. ... 0. 0. 0.],[0. 0. 0. ... 0. 0. 0.],[0. 0. 0. ... 0. 0. 0.],[0. 0. 0. ... 0. 0. 0.],[0. 0. 0. ... 0. 0. 0.],[0. 0. 0. ... 0. 0. 0.],[0. 0. 0. ... 0. 0. 0.],[0. 0. 0. ... 0. 0. 0.],[0. 0. 0. ... 0. 0. 0.],[  0.   0. 255. ...   0.   0.   0.],150k
238,[0. 0. 0. ... 0. 0. 0.],[0. 0. 0. ... 0. 0. 0.],[0. 0. 0. ... 0. 0. 0.],[0. 0. 0. ... 0. 0. 0.],[0. 0. 0. ... 0. 0. 0.],[0. 0. 0. ... 0. 0. 0.],[0. 0. 0. ... 0. 0. 0.],[0. 0. 0. ... 0. 0. 0.],[0. 0. 0. ... 0. 0. 0.],[0. 0. 0. ... 0. 0. 0.],[0. 0. 0. ... 0. 0. 0.],[0. 0. 0. ... 0. 0. 0.],220k
239,[0. 0. 0. ... 0. 0. 0.],[0. 0. 0. ... 0. 0. 0.],[0. 0. 0. ... 0. 0. 0.],[0. 0. 0. ... 0. 0. 0.],[0. 0. 0. ... 0. 0. 0.],[0. 0. 0. ... 0. 0. 0.],[0. 0. 0. ... 0. 0. 0.],[0. 0. 0. ... 0. 0. 0.],[0. 0. 0. ... 0. 0. 0.],[0. 0. 0. ... 0. 0. 0.],[0. 0. 0. ... 0. 0. 0.],[255. 255. 255. ... 255. 255. 255.],120k
240,[0. 0. 0. ... 0. 0. 0.],[0. 0. 0. ... 0. 0. 0.],[0. 0. 0. ... 0. 0. 0.],[0. 0. 0. ... 0. 0. 0.],[0. 0. 0. ... 0. 0. 0.],[0. 0. 0. ... 0. 0. 0.],[0. 0. 0. ... 0. 0. 0.],[0. 0. 0. ... 0. 0. 0.],[0. 0. 0. ... 0. 0. 0.],[0. 0. 0. ... 0. 0. 0.],[0. 0. 0. ... 0. 0. 0.],[255. 255. 255. ... 255. 255. 255.],560k
241,[255. 255. 255. ... 255. 255. 255.],[0. 0. 0. ... 0. 0. 0.],[0. 0. 0. ... 0. 0. 0.],[0. 0. 0. ... 0. 0. 0.],[0. 0. 0. ... 0. 0. 0.],[0. 0. 0. ... 0. 0. 0.],[0. 0. 0. ... 0. 0. 0.],[0. 0. 0. ... 0. 0. 0.],[0. 0. 0. ... 0. 0. 0.],[0. 0. 0. ... 0. 0. 0.],[255. 255. 255. ... 255. 255. 255.],[0. 0. 0. ... 0. 0. 0.],150k
242,[255. 255. 255. ... 255. 255. 255.],[0. 0. 0. ... 0. 0. 0.],[0. 0. 0. ... 0. 0. 0.],[0. 0. 0. ... 0. 0. 0.],[0. 0. 0. ... 0. 0. 0.],[0. 0. 0. ... 0. 0. 0.],[0. 0. 0. ... 0. 0. 0.],[0. 0. 0. ... 0. 0. 0.],[0. 0. 0. ... 0. 0. 0.],[0. 0. 0. ... 0. 0. 0.],[255. 255. 255. ... 255. 255. 255.],[0. 0. 0. ... 0. 0. 0.],100K
243,[0. 0. 0. ... 0. 0. 0.],[0. 0. 0. ... 0. 0. 0.],[0. 0. 0. ... 0. 0. 0.],[0. 0. 0. ... 0. 0. 0.],[0. 0. 0. ... 0. 0. 0.],[0. 0. 0. ... 0. 0. 0.],[0. 0. 0. ... 0. 0. 0.],[0. 0. 0. ... 0. 0. 0.],[0. 0. 0. ... 0. 0. 0.],[0. 0. 0. ... 0. 0. 0.],[0. 0. 0. ... 0. 0. 0.],[255. 255. 255. ...   0.   0.   0.],270k
244,[0. 0. 0. ... 0. 0. 0.],[0. 0. 0. ... 0. 0. 0.],[0. 0. 0. ... 0. 0. 0.],[0. 0. 0. ... 0. 0. 0.],[0. 0. 0. ... 0. 0. 0.],[0. 0. 0. ... 0. 0. 0.],[0. 0. 0. ... 0. 0. 0.],[0. 0. 0. ... 0. 0. 0.],[0. 0. 0. ... 0. 0. 0.],[0. 0. 0. ... 0. 0. 0.],[0. 0. 0. ... 0. 0. 0.],[0. 0. 0. ... 0. 0. 0.],180k
245,[0. 0. 0. ... 0. 0. 0.],[0. 0. 0. ... 0. 0. 0.],[0. 0. 0. ... 0. 0. 0.],[0. 0. 0. ... 0. 0. 0.],[0. 0. 0. ... 0. 0. 0.],[0. 0. 0. ... 0. 0. 0.],[0. 0. 0. ... 0. 0. 0.],[0. 0. 0. ... 0. 0. 0.],[0. 0. 0. ... 0. 0. 0.],[0. 0. 0. ... 0. 0. 0.],[0. 0. 0. ... 0. 0. 0.],[255. 255. 255. ... 255. 255. 255.],120k
246,[255. 255. 255. ... 255. 255. 255.],[0. 0. 0. ... 0. 0. 0.],[0. 0. 0. ... 0. 0. 0.],[0. 0. 0. ... 0. 0. 0.],[0. 0. 0. ... 0. 0. 0.],[0. 0. 0. ... 0. 0. 0.],[0. 0. 0. ... 0. 0. 0.],[0. 0. 0. ... 0. 0. 0.],[0. 0. 0. ... 0. 0. 0.],[0. 0. 0. ... 0. 0. 0.],[255. 255. 255. ... 255. 255. 255.],[0. 0. 0. ... 0. 0. 0.],470k
247,[0. 0. 0. ... 0. 0. 0.],[0. 0. 0. ... 0. 0. 0.],[0. 0. 0. ... 0. 0. 0.],[0. 0. 0. ... 0. 0. 0.],[0. 0. 0. ... 0. 0. 0.],[0. 0. 0. ... 0. 0. 0.],[0. 0. 0. ... 0. 0. 0.],[0. 0. 0. ... 0. 0. 0.],[0. 0. 0. ... 0. 0. 0.],[0. 0. 0. ... 0. 0. 0.],[0. 0. 0. ... 0. 0. 0.],[255. 255. 255. ... 255. 255. 255.],100k
248,[255. 255. 255. ... 255. 255. 255.],[0. 0. 0. ... 0. 0. 0.],[0. 0. 0. ... 0. 0. 0.],[0. 0. 0. ... 0. 0. 0.],[0. 0. 0. ... 0. 0. 0.],[0. 0. 0. ... 0. 0. 0.],[0. 0. 0. ... 0. 0. 0.],[0. 0. 0. ... 0. 0. 0.],[0. 0. 0. ... 0. 0. 0.],[0. 0. 0. ... 0. 0. 0.],[255. 255. 255. ... 255. 255. 255.],[0. 0. 0. ... 0. 0. 0.],470k
249,[0. 0. 0. ... 0. 0. 0.],[0. 0. 0. ... 0. 0. 0.],[0. 0. 0. ... 0. 0. 0.],[0. 0. 0. ... 0. 0. 0.],[0. 0. 0. ... 0. 0. 0.],[0. 0. 0. ... 0. 0. 0.],[0. 0. 0. ... 0. 0. 0.],[0. 0. 0. ... 0. 0. 0.],[0. 0. 0. ... 0. 0. 0.],[0. 0. 0. ... 0. 0. 0.],[0. 0. 0. ... 0. 0. 0.],[255. 255. 255. ... 255. 255. 255.],330k
250,[0. 0. 0. ... 0. 0. 0.],[0. 0. 0. ... 0. 0. 0.],[0. 0. 0. ... 0. 0. 0.],[0. 0. 0. ... 0. 0. 0.],[0. 0. 0. ... 0. 0. 0.],[0. 0. 0. ... 0. 0. 0.],[0. 0. 0. ... 0. 0. 0.],[0. 0. 0. ... 0. 0. 0.],[0. 0. 0. ... 0. 0. 0.],[0. 0. 0. ... 0. 0. 0.],[0. 0. 0. ... 0. 0. 0.],[  0. 255. 255. ...   0.   0.   0.],180k
251,[0. 0. 0. ... 0. 0. 0.],[0. 0. 0. ... 0. 0. 0.],[0. 0. 0. ... 0. 0. 0.],[0. 0. 0. ... 0. 0. 0.],[0. 0. 0. ... 0. 0. 0.],[0. 0. 0. ... 0. 0. 0.],[0. 0. 0. ... 0. 0. 0.],[0. 0. 0. ... 0. 0. 0.],[0. 0. 0. ... 0. 0. 0.],[0. 0. 0. ... 0. 0. 0.],[0. 0. 0. ... 0. 0. 0.],[255. 255. 255. ... 255. 255. 255.],330k
252,[0. 0. 0. ... 0. 0. 0.],[0. 0. 0. ... 0. 0. 0.],[0. 0. 0. ... 0. 0. 0.],[0. 0. 0. ... 0. 0. 0.],[0. 0. 0. ... 0. 0. 0.],[0. 0. 0. ... 0. 0. 0.],[0. 0. 0. ... 0. 0. 0.],[0. 0. 0. ... 0. 0. 0.],[0. 0. 0. ... 0. 0. 0.],[0. 0. 0. ... 0. 0. 0.],[0. 0. 0. ... 0. 0. 0.],[255. 255. 255. ... 255. 255. 255.],820k
253,[0. 0. 0. ... 0. 0. 0.],[0. 0. 0. ... 0. 0. 0.],[0. 0. 0. ... 0. 0. 0.],[0. 0. 0. ... 0. 0. 0.],[0. 0. 0. ... 0. 0. 0.],[0. 0. 0. ... 0. 0. 0.],[0. 0. 0. ... 0. 0. 0.],[0. 0. 0. ... 0. 0. 0.],[0. 0. 0. ... 0. 0. 0.],[0. 0. 0. ... 0. 0. 0.],[0. 0. 0. ... 0. 0. 0.],[255. 255. 255. ... 255. 255. 255.],330k
254,[255. 255. 255. ... 255. 255. 255.],[0. 0. 0. ... 0. 0. 0.],[0. 0. 0. ... 0. 0. 0.],[0. 0. 0. ... 0. 0. 0.],[0. 0. 0. ... 0. 0. 0.],[0. 0. 0. ... 0. 0. 0.],[0. 0. 0. ... 0. 0. 0.],[0. 0. 0. ... 0. 0. 0.],[0. 0. 0. ... 0. 0. 0.],[0. 0. 0. ... 0. 0. 0.],[255. 255. 255. ... 255. 255. 255.],[0. 0. 0. ... 0. 0. 0.],820k
255,[255. 255. 255. ... 255. 255. 255.],[0. 0. 0. ... 0. 0. 0.],[0. 0. 0. ... 0. 0. 0.],[0. 0. 0. ... 0. 0. 0.],[0. 0. 0. ... 0. 0. 0.],[0. 0. 0. ... 0. 0. 0.],[0. 0. 0. ... 0. 0. 0.],[0. 0. 0. ... 0. 0. 0.],[0. 0. 0. ... 0. 0. 0.],[0. 0. 0. ... 0. 0. 0.],[255. 255. 255. ... 255. 255. 255.],[0. 0. 0. ... 0. 0. 0.],330k
256,[0. 0. 0. ... 0. 0. 0.],[0. 0. 0. ... 0. 0. 0.],[0. 0. 0. ... 0. 0. 0.],[0. 0. 0. ... 0. 0. 0.],[0. 0. 0. ... 0. 0. 0.],[0. 0. 0. ... 0. 0. 0.],[0. 0. 0. ... 0. 0. 0.],[0. 0. 0. ... 0. 0. 0.],[0. 0. 0. ... 0. 0. 0.],[0. 0. 0. ... 0. 0. 0.],[0. 0. 0. ... 0. 0. 0.],[255. 255. 255. ... 255. 255. 255.],820k
257,[0. 0. 0. ... 0. 0. 0.],[0. 0. 0. ... 0. 0. 0.],[0. 0. 0. ... 0. 0. 0.],[0. 0. 0. ... 0. 0. 0.],[0. 0. 0. ... 0. 0. 0.],[0. 0. 0. ... 0. 0. 0.],[0. 0. 0. ... 0. 0. 0.],[0. 0. 0. ... 0. 0. 0.],[0. 0. 0. ... 0. 0. 0.],[0. 0. 0. ... 0. 0. 0.],[0. 0. 0. ... 0. 0. 0.],[255. 255. 255. ...   0.   0.   0.],470k
258,[0. 0. 0. ... 0. 0. 0.],[0. 0. 0. ... 0. 0. 0.],[0. 0. 0. ... 0. 0. 0.],[0. 0. 0. ... 0. 0. 0.],[0. 0. 0. ... 0. 0. 0.],[0. 0. 0. ... 0. 0. 0.],[0. 0. 0. ... 0. 0. 0.],[0. 0. 0. ... 0. 0. 0.],[0. 0. 0. ... 0. 0. 0.],[0. 0. 0. ... 0. 0. 0.],[0. 0. 0. ... 0. 0. 0.],[255. 255. 255. ... 255. 255. 255.],220k
259,[255. 255. 255. ... 255. 255. 255.],[0. 0. 0. ... 0. 0. 0.],[0. 0. 0. ... 0. 0. 0.],[0. 0. 0. ... 0. 0. 0.],[0. 0. 0. ... 0. 0. 0.],[0. 0. 0. ... 0. 0. 0.],[0. 0. 0. ... 0. 0. 0.],[0. 0. 0. ... 0. 0. 0.],[0. 0. 0. ... 0. 0. 0.],[0. 0. 0. ... 0. 0. 0.],[255. 255. 255. ... 255. 255. 255.],[0. 0. 0. ... 0. 0. 0.],100K
260,[0. 0. 0. ... 0. 0. 0.],[0. 0. 0. ... 0. 0. 0.],[0. 0. 0. ... 0. 0. 0.],[0. 0. 0. ... 0. 0. 0.],[0. 0. 0. ... 0. 0. 0.],[0. 0. 0. ... 0. 0. 0.],[0. 0. 0. ... 0. 0. 0.],[0. 0. 0. ... 0. 0. 0.],[0. 0. 0. ... 0. 0. 0.],[0. 0. 0. ... 0. 0. 0.],[0. 0. 0. ... 0. 0. 0.],[255. 255. 255. ... 255. 255. 255.],560k
261,[255. 255. 255. ... 255. 255. 255.],[0. 0. 0. ... 0. 0. 0.],[0. 0. 0. ... 0. 0. 0.],[0. 0. 0. ... 0. 0. 0.],[0. 0. 0. ... 0. 0. 0.],[0. 0. 0. ... 0. 0. 0.],[0. 0. 0. ... 0. 0. 0.],[0. 0. 0. ... 0. 0. 0.],[0. 0. 0. ... 0. 0. 0.],[0. 0. 0. ... 0. 0. 0.],[255. 255. 255. ... 255. 255. 255.],[0. 0. 0. ... 0. 0. 0.],150k
262,[255. 255. 255. ... 255. 255. 255.],[0. 0. 0. ... 0. 0. 0.],[0. 0. 0. ... 0. 0. 0.],[0. 0. 0. ... 0. 0. 0.],[0. 0. 0. ... 0. 0. 0.],[0. 0. 0. ... 0. 0. 0.],[0. 0. 0. ... 0. 0. 0.],[0. 0. 0. ... 0. 0. 0.],[0. 0. 0. ... 0. 0. 0.],[0. 0. 0. ... 0. 0. 0.],[255. 255. 255. ... 255. 255. 255.],[0. 0. 0. ... 0. 0. 0.],220k
263,[0. 0. 0. ... 0. 0. 0.],[0. 0. 0. ... 0. 0. 0.],[0. 0. 0. ... 0. 0. 0.],[0. 0. 0. ... 0. 0. 0.],[0. 0. 0. ... 0. 0. 0.],[0. 0. 0. ... 0. 0. 0.],[0. 0. 0. ... 0. 0. 0.],[0. 0. 0. ... 0. 0. 0.],[0. 0. 0. ... 0. 0. 0.],[0. 0. 0. ... 0. 0. 0.],[0. 0. 0. ... 0. 0. 0.],[255. 255. 255. ... 255. 255. 255.],150k
264,[255. 255. 255. ... 255. 255. 255.],[0. 0. 0. ... 0. 0. 0.],[0. 0. 0. ... 0. 0. 0.],[0. 0. 0. ... 0. 0. 0.],[0. 0. 0. ... 0. 0. 0.],[0. 0. 0. ... 0. 0. 0.],[0. 0. 0. ... 0. 0. 0.],[0. 0. 0. ... 0. 0. 0.],[0. 0. 0. ... 0. 0. 0.],[0. 0. 0. ... 0. 0. 0.],[255. 255. 255. ... 255. 255. 255.],[0. 0. 0. ... 0. 0. 0.],390k
265,[255. 255. 255. ... 255. 255. 255.],[0. 0. 0. ... 0. 0. 0.],[0. 0. 0. ... 0. 0. 0.],[0. 0. 0. ... 0. 0. 0.],[0. 0. 0. ... 0. 0. 0.],[0. 0. 0. ... 0. 0. 0.],[0. 0. 0. ... 0. 0. 0.],[0. 0. 0. ... 0. 0. 0.],[0. 0. 0. ... 0. 0. 0.],[0. 0. 0. ... 0. 0. 0.],[255. 255. 255. ... 255. 255. 255.],[0. 0. 0. ... 0. 0. 0.],120k
266,[0. 0. 0. ... 0. 0. 0.],[0. 0. 0. ... 0. 0. 0.],[0. 0. 0. ... 0. 0. 0.],[0. 0. 0. ... 0. 0. 0.],[0. 0. 0. ... 0. 0. 0.],[0. 0. 0. ... 0. 0. 0.],[0. 0. 0. ... 0. 0. 0.],[0. 0. 0. ... 0. 0. 0.],[0. 0. 0. ... 0. 0. 0.],[0. 0. 0. ... 0. 0. 0.],[0. 0. 0. ... 0. 0. 0.],[255. 255. 255. ... 255. 255. 255.],120k
267,[0. 0. 0. ... 0. 0. 0.],[0. 0. 0. ... 0. 0. 0.],[0. 0. 0. ... 0. 0. 0.],[0. 0. 0. ... 0. 0. 0.],[0. 0. 0. ... 0. 0. 0.],[0. 0. 0. ... 0. 0. 0.],[0. 0. 0. ... 0. 0. 0.],[0. 0. 0. ... 0. 0. 0.],[0. 0. 0. ... 0. 0. 0.],[0. 0. 0. ... 0. 0. 0.],[0. 0. 0. ... 0. 0. 0.],[0. 0. 0. ... 0. 0. 0.],220k
268,[0. 0. 0. ... 0. 0. 0.],[0. 0. 0. ... 0. 0. 0.],[0. 0. 0. ... 0. 0. 0.],[0. 0. 0. ... 0. 0. 0.],[0. 0. 0. ... 0. 0. 0.],[0. 0. 0. ... 0. 0. 0.],[0. 0. 0. ... 0. 0. 0.],[0. 0. 0. ... 0. 0. 0.],[0. 0. 0. ... 0. 0. 0.],[0. 0. 0. ... 0. 0. 0.],[0. 0. 0. ... 0. 0. 0.],[255. 255. 255. ... 255. 255. 255.],120k
269,[255. 255. 255. ... 255. 255. 255.],[0. 0. 0. ... 0. 0. 0.],[0. 0. 0. ... 0. 0. 0.],[0. 0. 0. ... 0. 0. 0.],[0. 0. 0. ... 0. 0. 0.],[0. 0. 0. ... 0. 0. 0.],[0. 0. 0. ... 0. 0. 0.],[0. 0. 0. ... 0. 0. 0.],[0. 0. 0. ... 0. 0. 0.],[0. 0. 0. ... 0. 0. 0.],[255. 255. 255. ... 255. 255. 255.],[0. 0. 0. ... 0. 0. 0.],100k
270,[255. 255. 255. ... 255. 255. 255.],[0. 0. 0. ... 0. 0. 0.],[0. 0. 0. ... 0. 0. 0.],[0. 0. 0. ... 0. 0. 0.],[0. 0. 0. ... 0. 0. 0.],[0. 0. 0. ... 0. 0. 0.],[0. 0. 0. ... 0. 0. 0.],[0. 0. 0. ... 0. 0. 0.],[0. 0. 0. ... 0. 0. 0.],[0. 0. 0. ... 0. 0. 0.],[255. 255. 255. ... 255. 255. 255.],[0. 0. 0. ... 0. 0. 0.],820k
271,[0. 0. 0. ... 0. 0. 0.],[0. 0. 0. ... 0. 0. 0.],[0. 0. 0. ... 0. 0. 0.],[0. 0. 0. ... 0. 0. 0.],[0. 0. 0. ... 0. 0. 0.],[0. 0. 0. ... 0. 0. 0.],[0. 0. 0. ... 0. 0. 0.],[0. 0. 0. ... 0. 0. 0.],[0. 0. 0. ... 0. 0. 0.],[0. 0. 0. ... 0. 0. 0.],[0. 0. 0. ... 0. 0. 0.],[  0. 255. 255. ... 255. 255. 255.],270k
272,[255. 255. 255. ... 255. 255. 255.],[0. 0. 0. ... 0. 0. 0.],[0. 0. 0. ... 0. 0. 0.],[0. 0. 0. ... 0. 0. 0.],[0. 0. 0. ... 0. 0. 0.],[0. 0. 0. ... 0. 0. 0.],[0. 0. 0. ... 0. 0. 0.],[0. 0. 0. ... 0. 0. 0.],[0. 0. 0. ... 0. 0. 0.],[0. 0. 0. ... 0. 0. 0.],[255. 255. 255. ... 255. 255. 255.],[0. 0. 0. ... 0. 0. 0.],180k
273,[255. 255. 255. ... 255. 255. 255.],[0. 0. 0. ... 0. 0. 0.],[0. 0. 0. ... 0. 0. 0.],[0. 0. 0. ... 0. 0. 0.],[0. 0. 0. ... 0. 0. 0.],[0. 0. 0. ... 0. 0. 0.],[0. 0. 0. ... 0. 0. 0.],[0. 0. 0. ... 0. 0. 0.],[0. 0. 0. ... 0. 0. 0.],[0. 0. 0. ... 0. 0. 0.],[255. 255. 255. ... 255. 255. 255.],[0. 0. 0. ... 0. 0. 0.],680k
274,[255. 255. 255. ... 255. 255. 255.],[0. 0. 0. ... 0. 0. 0.],[0. 0. 0. ... 0. 0. 0.],[0. 0. 0. ... 0. 0. 0.],[0. 0. 0. ... 0. 0. 0.],[0. 0. 0. ... 0. 0. 0.],[0. 0. 0. ... 0. 0. 0.],[0. 0. 0. ... 0. 0. 0.],[0. 0. 0. ... 0. 0. 0.],[0. 0. 0. ... 0. 0. 0.],[255. 255. 255. ... 255. 255. 255.],[0. 0. 0. ... 0. 0. 0.],270k
275,[0. 0. 0. ... 0. 0. 0.],[0. 0. 0. ... 0. 0. 0.],[0. 0. 0. ... 0. 0. 0.],[0. 0. 0. ... 0. 0. 0.],[0. 0. 0. ... 0. 0. 0.],[0. 0. 0. ... 0. 0. 0.],[0. 0. 0. ... 0. 0. 0.],[0. 0. 0. ... 0. 0. 0.],[0. 0. 0. ... 0. 0. 0.],[0. 0. 0. ... 0. 0. 0.],[0. 0. 0. ... 0. 0. 0.],[0. 0. 0. ... 0. 0. 0.],560k
276,[0. 0. 0. ... 0. 0. 0.],[0. 0. 0. ... 0. 0. 0.],[0. 0. 0. ... 0. 0. 0.],[0. 0. 0. ... 0. 0. 0.],[0. 0. 0. ... 0. 0. 0.],[0. 0. 0. ... 0. 0. 0.],[0. 0. 0. ... 0. 0. 0.],[0. 0. 0. ... 0. 0. 0.],[0. 0. 0. ... 0. 0. 0.],[0. 0. 0. ... 0. 0. 0.],[0. 0. 0. ... 0. 0. 0.],[255. 255. 255. ... 255. 255. 255.],560k
277,[0. 0. 0. ... 0. 0. 0.],[0. 0. 0. ... 0. 0. 0.],[0. 0. 0. ... 0. 0. 0.],[0. 0. 0. ... 0. 0. 0.],[0. 0. 0. ... 0. 0. 0.],[0. 0. 0. ... 0. 0. 0.],[0. 0. 0. ... 0. 0. 0.],[0. 0. 0. ... 0. 0. 0.],[0. 0. 0. ... 0. 0. 0.],[0. 0. 0. ... 0. 0. 0.],[0. 0. 0. ... 0. 0. 0.],[255. 255. 255. ... 255. 255. 255.],680k
278,[0. 0. 0. ... 0. 0. 0.],[0. 0. 0. ... 0. 0. 0.],[0. 0. 0. ... 0. 0. 0.],[0. 0. 0. ... 0. 0. 0.],[0. 0. 0. ... 0. 0. 0.],[0. 0. 0. ... 0. 0. 0.],[0. 0. 0. ... 0. 0. 0.],[0. 0. 0. ... 0. 0. 0.],[0. 0. 0. ... 0. 0. 0.],[0. 0. 0. ... 0. 0. 0.],[0. 0. 0. ... 0. 0. 0.],[255. 255. 255. ... 255. 255. 255.],470k
279,[255. 255. 255. ... 255. 255. 255.],[0. 0. 0. ... 0. 0. 0.],[0. 0. 0. ... 0. 0. 0.],[0. 0. 0. ... 0. 0. 0.],[0. 0. 0. ... 0. 0. 0.],[0. 0. 0. ... 0. 0. 0.],[0. 0. 0. ... 0. 0. 0.],[0. 0. 0. ... 0. 0. 0.],[0. 0. 0. ... 0. 0. 0.],[0. 0. 0. ... 0. 0. 0.],[255. 255. 255. ... 255. 255. 255.],[0. 0. 0. ... 0. 0. 0.],680k
280,[0. 0. 0. ... 0. 0. 0.],[0. 0. 0. ... 0. 0. 0.],[0. 0. 0. ... 0. 0. 0.],[0. 0. 0. ... 0. 0. 0.],[0. 0. 0. ... 0. 0. 0.],[0. 0. 0. ... 0. 0. 0.],[0. 0. 0. ... 0. 0. 0.],[0. 0. 0. ... 0. 0. 0.],[0. 0. 0. ... 0. 0. 0.],[0. 0. 0. ... 0. 0. 0.],[0. 0. 0. ... 0. 0. 0.],[255. 255. 255. ...   0.   0.   0.],270k
281,[0. 0. 0. ... 0. 0. 0.],[0. 0. 0. ... 0. 0. 0.],[0. 0. 0. ... 0. 0. 0.],[0. 0. 0. ... 0. 0. 0.],[0. 0. 0. ... 0. 0. 0.],[0. 0. 0. ... 0. 0. 0.],[0. 0. 0. ... 0. 0. 0.],[0. 0. 0. ... 0. 0. 0.],[0. 0. 0. ... 0. 0. 0.],[0. 0. 0. ... 0. 0. 0.],[0. 0. 0. ... 0. 0. 0.],[255. 255. 255. ... 255. 255. 255.],270k
282,[255. 255. 255. ... 255. 255. 255.],[0. 0. 0. ... 0. 0. 0.],[0. 0. 0. ... 0. 0. 0.],[0. 0. 0. ... 0. 0. 0.],[0. 0. 0. ... 0. 0. 0.],[0. 0. 0. ... 0. 0. 0.],[0. 0. 0. ... 0. 0. 0.],[0. 0. 0. ... 0. 0. 0.],[0. 0. 0. ... 0. 0. 0.],[0. 0. 0. ... 0. 0. 0.],[255. 255. 255. ... 255. 255. 255.],[0. 0. 0. ... 0. 0. 0.],390k
283,[0. 0. 0. ... 0. 0. 0.],[0. 0. 0. ... 0. 0. 0.],[0. 0. 0. ... 0. 0. 0.],[0. 0. 0. ... 0. 0. 0.],[0. 0. 0. ... 0. 0. 0.],[0. 0. 0. ... 0. 0. 0.],[0. 0. 0. ... 0. 0. 0.],[0. 0. 0. ... 0. 0. 0.],[0. 0. 0. ... 0. 0. 0.],[0. 0. 0. ... 0. 0. 0.],[0. 0. 0. ... 0. 0. 0.],[255. 255. 255. ... 255. 255. 255.],150k
284,[255. 255. 255. ... 255. 255. 255.],[0. 0. 0. ... 0. 0. 0.],[0. 0. 0. ... 0. 0. 0.],[0. 0. 0. ... 0. 0. 0.],[0. 0. 0. ... 0. 0. 0.],[0. 0. 0. ... 0. 0. 0.],[0. 0. 0. ... 0. 0. 0.],[0. 0. 0. ... 0. 0. 0.],[0. 0. 0. ... 0. 0. 0.],[0. 0. 0. ... 0. 0. 0.],[255. 255. 255. ... 255. 255. 255.],[0. 0. 0. ... 0. 0. 0.],180k
285,[255. 255. 255. ... 255. 255. 255.],[0. 0. 0. ... 0. 0. 0.],[0. 0. 0. ... 0. 0. 0.],[0. 0. 0. ... 0. 0. 0.],[0. 0. 0. ... 0. 0. 0.],[0. 0. 0. ... 0. 0. 0.],[0. 0. 0. ... 0. 0. 0.],[0. 0. 0. ... 0. 0. 0.],[0. 0. 0. ... 0. 0. 0.],[0. 0. 0. ... 0. 0. 0.],[255. 255. 255. ... 255. 255. 255.],[0. 0. 0. ... 0. 0. 0.],680k
286,[255. 255. 255. ... 255. 255. 255.],[0. 0. 0. ... 0. 0. 0.],[0. 0. 0. ... 0. 0. 0.],[0. 0. 0. ... 0. 0. 0.],[0. 0. 0. ... 0. 0. 0.],[0. 0. 0. ... 0. 0. 0.],[0. 0. 0. ... 0. 0. 0.],[0. 0. 0. ... 0. 0. 0.],[0. 0. 0. ... 0. 0. 0.],[0. 0. 0. ... 0. 0. 0.],[255. 255. 255. ... 255. 255. 255.],[0. 0. 0. ... 0. 0. 0.],270k
287,[255. 255. 255. ... 255. 255. 255.],[0. 0. 0. ... 0. 0. 0.],[0. 0. 0. ... 0. 0. 0.],[0. 0. 0. ... 0. 0. 0.],[0. 0. 0. ... 0. 0. 0.],[0. 0. 0. ... 0. 0. 0.],[0. 0. 0. ... 0. 0. 0.],[0. 0. 0. ... 0. 0. 0.],[0. 0. 0. ... 0. 0. 0.],[0. 0. 0. ... 0. 0. 0.],[255. 255. 255. ... 255. 255. 255.],[0. 0. 0. ... 0. 0. 0.],470k
